Global_Disaster_ID,Disaster_Category,Event_Timestamp,Affected_Location,Latitude,Longitude,Calculated_Severity_Score,Casualties,Economic_Loss_Millions
DIS-2018-1000,Earthquake,2023-11-30 00:00:00,Mumbai,23.71,70.4839,36.0,122,7.42
DIS-2019-1001,Flood,2024-08-13 00:00:00,Chennai,12.911,84.3881,78.4,272,456.41
DIS-2020-1002,Cyclone,2021-02-09 00:00:00,Guwahati,29.4897,86.2564,19.0,28,59.86
DIS-2021-1003,Tsunami,2024-03-13 00:00:00,Kolkata,11.8418,70.3449,58.2,245,242.95
DIS-2022-1004,Landslide,2024-10-07 00:00:00,Wayanad,17.0478,90.1243,18.0,7,102.75
DIS-2023-1005,Earthquake,2021-06-04 00:00:00,Puri,21.9728,72.7546,19.1,51,116.35
DIS-2024-1006,Flood,2022-08-22 00:00:00,Patna,16.0318,77.099,92.5,95,44.19
DIS-2025-1007,Cyclone,2020-09-18 00:00:00,Dehradun,13.915,71.4367,61.3,296,362.07
DIS-2018-1008,Tsunami,2022-10-17 00:00:00,Shimla,9.4847,85.8712,17.0,76,11.13
DIS-2019-1009,Landslide,2024-04-01 00:00:00,Kutch,31.5277,82.791,30.2,95,71.24
DIS-2020-1010,Earthquake,2023-03-05 00:00:00,Mumbai,30.0133,86.7439,35.2,22,62.16
DIS-2021-1011,Flood,2020-08-25 00:00:00,Chennai,13.7295,90.0232,21.5,39,34.38
DIS-2022-1012,Cyclone,2019-06-29 00:00:00,Guwahati,28.417,84.8696,22.2,88,171.15
DIS-2023-1013,Tsunami,2022-06-09 00:00:00,Kolkata,24.9745,69.9143,48.4,93,198.5
DIS-2024-1014,Landslide,2020-08-05 00:00:00,Wayanad,16.6633,86.8032,95.9,373,557.14
DIS-2025-1015,Earthquake,2019-08-04 00:00:00,Puri,31.1349,90.3371,78.3,25,564.0
DIS-2018-1016,Flood,2021-10-26 00:00:00,Patna,16.1146,85.86,78.1,88,377.81
DIS-2019-1017,Cyclone,2023-02-09 00:00:00,Dehradun,15.9722,68.2209,31.6,66,29.03
DIS-2020-1018,Tsunami,2021-03-04 00:00:00,Shimla,28.0898,81.2073,72.3,17,169.35
DIS-2021-1019,Landslide,2020-07-22 00:00:00,Kutch,10.8632,70.4674,21.4,23,63.21
DIS-2022-1020,Earthquake,2023-08-20 00:00:00,Mumbai,28.6884,78.1841,91.0,143,663.64
DIS-2023-1021,Flood,2023-03-29 00:00:00,Chennai,20.0676,74.4563,64.7,36,17.16
DIS-2024-1022,Cyclone,2019-10-23 00:00:00,Guwahati,30.8367,85.3907,81.4,380,482.02
DIS-2025-1023,Tsunami,2022-03-27 00:00:00,Kolkata,24.6557,76.0844,23.6,6,182.35
DIS-2018-1024,Landslide,2018-07-08 00:00:00,Wayanad,11.5823,87.6665,37.9,115,165.51
DIS-2019-1025,Earthquake,2023-07-05 00:00:00,Puri,19.8537,80.3222,28.6,19,97.53
DIS-2020-1026,Flood,2021-06-17 00:00:00,Patna,27.5551,89.3163,35.3,78,169.16
DIS-2021-1027,Cyclone,2021-01-25 00:00:00,Dehradun,28.7203,71.82,16.3,5,21.31
DIS-2022-1028,Tsunami,2023-04-19 00:00:00,Shimla,23.0445,69.7668,30.7,143,29.85
DIS-2023-1029,Landslide,2021-08-17 00:00:00,Kutch,23.2297,84.1378,71.4,202,119.72
DIS-2024-1030,Earthquake,2024-07-20 00:00:00,Mumbai,8.4875,81.4915,53.6,115,422.32
DIS-2025-1031,Flood,2019-09-20 00:00:00,Chennai,26.4917,91.1828,57.7,163,414.46
DIS-2018-1032,Cyclone,2024-11-01 00:00:00,Guwahati,15.1979,72.3638,52.0,62,229.32
DIS-2019-1033,Tsunami,2020-03-28 00:00:00,Kolkata,12.3164,76.3375,92.3,375,250.01
DIS-2020-1034,Landslide,2020-11-19 00:00:00,Wayanad,15.685,77.1935,67.3,73,432.4
DIS-2021-1035,Earthquake,2020-01-12 00:00:00,Puri,31.3318,73.1542,30.5,115,70.9
DIS-2022-1036,Flood,2023-11-06 00:00:00,Patna,8.4771,80.9893,94.4,268,245.66
DIS-2023-1037,Cyclone,2021-11-21 00:00:00,Dehradun,11.0323,79.6171,58.6,285,324.76
DIS-2024-1038,Tsunami,2023-06-19 00:00:00,Shimla,29.4808,84.7851,76.0,125,477.7
DIS-2025-1039,Landslide,2019-11-14 00:00:00,Kutch,15.121,81.5065,35.7,39,88.94
DIS-2018-1040,Earthquake,2018-06-15 00:00:00,Mumbai,19.6651,78.1286,23.8,37,63.2
DIS-2019-1041,Flood,2023-02-01 00:00:00,Chennai,16.4367,69.5197,96.8,84,105.96
DIS-2020-1042,Cyclone,2019-05-02 00:00:00,Guwahati,18.8669,80.3716,26.1,91,26.11
DIS-2021-1043,Tsunami,2023-06-24 00:00:00,Kolkata,23.7654,74.7197,17.4,27,35.88
DIS-2022-1044,Landslide,2019-08-29 00:00:00,Wayanad,26.2144,70.8377,45.7,22,252.53
DIS-2023-1045,Earthquake,2022-12-23 00:00:00,Puri,21.6278,76.3862,73.5,93,303.61
DIS-2024-1046,Flood,2019-04-19 00:00:00,Patna,20.5,82.1697,20.0,48,148.39
DIS-2025-1047,Cyclone,2018-08-03 00:00:00,Dehradun,8.2354,73.9414,23.6,90,157.57
DIS-2018-1048,Tsunami,2024-08-16 00:00:00,Shimla,29.134,82.564,86.4,55,495.04
DIS-2019-1049,Landslide,2020-12-02 00:00:00,Kutch,9.67,79.9127,54.2,14,154.89
DIS-2020-1050,Earthquake,2018-08-31 00:00:00,Mumbai,11.1704,71.0389,82.7,404,149.6
DIS-2021-1051,Flood,2021-07-10 00:00:00,Chennai,11.3792,80.4969,83.8,120,70.76
DIS-2022-1052,Cyclone,2019-09-07 00:00:00,Guwahati,15.5645,89.0045,43.8,99,163.17
DIS-2023-1053,Tsunami,2022-11-02 00:00:00,Kolkata,31.2697,75.1077,67.1,33,266.1
DIS-2024-1054,Landslide,2021-08-05 00:00:00,Wayanad,27.5202,70.3701,20.8,65,40.47
DIS-2025-1055,Earthquake,2023-12-28 00:00:00,Puri,21.0175,73.333,27.2,105,177.19
DIS-2018-1056,Flood,2021-10-21 00:00:00,Patna,27.5183,83.4252,53.0,113,299.17
DIS-2019-1057,Cyclone,2020-07-28 00:00:00,Dehradun,8.9313,90.971,18.8,84,79.78
DIS-2020-1058,Tsunami,2023-02-10 00:00:00,Shimla,11.2879,81.5635,67.2,171,379.13
DIS-2021-1059,Landslide,2022-09-19 00:00:00,Kutch,31.6736,78.5962,58.0,255,280.14
DIS-2022-1060,Earthquake,2021-08-03 00:00:00,Mumbai,24.5549,84.516,73.5,86,526.87
DIS-2023-1061,Flood,2024-05-02 00:00:00,Chennai,30.2866,91.4214,92.9,392,657.42
DIS-2024-1062,Cyclone,2020-02-03 00:00:00,Guwahati,19.1874,73.0138,93.7,128,80.13
DIS-2025-1063,Tsunami,2023-04-14 00:00:00,Kolkata,18.5757,84.2335,29.6,147,25.7
DIS-2018-1064,Landslide,2018-08-31 00:00:00,Wayanad,28.5351,79.5196,83.7,137,199.46
DIS-2019-1065,Earthquake,2021-12-03 00:00:00,Puri,27.1903,74.6609,84.0,190,558.08
DIS-2020-1066,Flood,2024-07-18 00:00:00,Patna,19.3621,87.9029,75.6,75,506.23
DIS-2021-1067,Cyclone,2021-02-21 00:00:00,Dehradun,16.607,78.9208,17.3,38,25.21
DIS-2022-1068,Tsunami,2021-06-28 00:00:00,Shimla,16.5955,72.6304,31.9,88,190.34
DIS-2023-1069,Landslide,2023-08-11 00:00:00,Kutch,13.9352,73.5564,93.8,81,432.01
DIS-2024-1070,Earthquake,2021-03-10 00:00:00,Mumbai,25.708,80.9094,44.5,175,90.66
DIS-2025-1071,Flood,2021-12-04 00:00:00,Chennai,26.4328,68.3034,33.0,35,22.3
DIS-2018-1072,Cyclone,2021-08-30 00:00:00,Guwahati,13.4022,80.8073,72.7,29,253.08
DIS-2019-1073,Tsunami,2020-04-01 00:00:00,Kolkata,10.9331,78.3488,51.0,60,101.27
DIS-2020-1074,Landslide,2022-01-09 00:00:00,Wayanad,13.4373,77.4836,69.3,55,33.67
DIS-2021-1075,Earthquake,2022-09-06 00:00:00,Puri,29.0706,69.9159,27.3,131,82.56
DIS-2022-1076,Flood,2023-06-20 00:00:00,Patna,28.1887,88.7314,25.2,49,61.62
DIS-2023-1077,Cyclone,2021-11-07 00:00:00,Dehradun,11.6578,71.314,26.0,35,65.59
DIS-2024-1078,Tsunami,2020-10-28 00:00:00,Shimla,31.0779,81.8834,97.0,232,258.42
DIS-2025-1079,Landslide,2018-03-29 00:00:00,Kutch,12.3893,71.436,93.4,281,541.09
DIS-2018-1080,Earthquake,2023-08-28 00:00:00,Mumbai,18.1257,88.2869,72.8,174,163.54
DIS-2019-1081,Flood,2021-09-10 00:00:00,Chennai,16.4457,70.2635,50.5,151,182.07
DIS-2020-1082,Cyclone,2019-03-09 00:00:00,Guwahati,8.5289,68.9668,83.7,281,574.77
DIS-2021-1083,Tsunami,2020-09-21 00:00:00,Kolkata,9.8155,79.1079,97.1,380,320.3
DIS-2022-1084,Landslide,2022-08-29 00:00:00,Wayanad,30.8235,90.5181,16.0,74,105.88
DIS-2023-1085,Earthquake,2024-02-27 00:00:00,Puri,28.2532,84.1522,40.3,44,214.44
DIS-2024-1086,Flood,2021-04-14 00:00:00,Patna,21.2298,72.9602,43.2,182,282.3
DIS-2025-1087,Cyclone,2021-08-23 00:00:00,Dehradun,23.482,76.7844,40.2,164,185.28
DIS-2018-1088,Tsunami,2023-11-26 00:00:00,Shimla,8.2522,86.2802,23.8,110,8.32
DIS-2019-1089,Landslide,2023-10-14 00:00:00,Kutch,26.5614,69.2493,18.2,82,87.16
DIS-2020-1090,Earthquake,2023-11-07 00:00:00,Mumbai,12.9795,74.2911,50.9,29,278.55
DIS-2021-1091,Flood,2022-04-14 00:00:00,Chennai,17.772,85.4294,24.1,30,119.13
DIS-2022-1092,Cyclone,2018-05-30 00:00:00,Guwahati,23.0787,85.6186,66.5,215,299.25
DIS-2023-1093,Tsunami,2021-09-28 00:00:00,Kolkata,11.2033,74.899,55.9,217,317.77
DIS-2024-1094,Landslide,2019-09-16 00:00:00,Wayanad,8.9633,81.1183,22.3,40,82.4
DIS-2025-1095,Earthquake,2020-01-17 00:00:00,Puri,16.339,83.0832,18.6,67,66.82
DIS-2018-1096,Flood,2020-02-20 00:00:00,Patna,23.7256,76.1676,41.8,58,280.37
DIS-2019-1097,Cyclone,2022-02-06 00:00:00,Dehradun,19.011,74.5717,96.8,250,425.88
DIS-2020-1098,Tsunami,2023-09-06 00:00:00,Shimla,30.956,89.2814,29.1,141,88.51
DIS-2021-1099,Landslide,2023-10-31 00:00:00,Kutch,16.9178,72.6807,24.5,95,190.0
DIS-2022-1100,Earthquake,2022-10-15 00:00:00,Mumbai,26.562,73.8405,18.3,78,92.32
DIS-2023-1101,Flood,2021-12-13 00:00:00,Chennai,30.1358,68.8577,78.6,34,345.63
DIS-2024-1102,Cyclone,2018-01-02 00:00:00,Guwahati,20.3614,84.5968,21.4,104,46.46
DIS-2025-1103,Tsunami,2020-10-06 00:00:00,Kolkata,13.1084,69.9324,61.6,26,333.32
DIS-2018-1104,Landslide,2024-05-17 00:00:00,Wayanad,31.6771,89.8831,74.5,89,200.68
DIS-2019-1105,Earthquake,2018-01-19 00:00:00,Puri,28.8812,85.9104,33.2,104,86.91
DIS-2020-1106,Flood,2019-09-16 00:00:00,Patna,24.2519,90.7494,68.0,160,408.93
DIS-2021-1107,Cyclone,2022-12-22 00:00:00,Dehradun,29.6533,69.1944,58.5,205,424.87
DIS-2022-1108,Tsunami,2023-07-15 00:00:00,Shimla,31.0112,68.6204,97.2,67,187.22
DIS-2023-1109,Landslide,2021-09-08 00:00:00,Kutch,17.4601,72.0826,56.1,256,421.47
DIS-2024-1110,Earthquake,2018-02-13 00:00:00,Mumbai,8.3012,85.4585,40.7,48,163.56
DIS-2025-1111,Flood,2022-11-17 00:00:00,Chennai,16.3458,77.5966,44.9,160,259.39
DIS-2018-1112,Cyclone,2023-11-15 00:00:00,Guwahati,18.5686,71.4191,68.2,222,323.65
DIS-2019-1113,Tsunami,2021-12-23 00:00:00,Kolkata,13.5059,83.4833,42.8,76,206.54
DIS-2020-1114,Landslide,2019-12-21 00:00:00,Wayanad,12.4055,74.8373,49.6,135,271.28
DIS-2021-1115,Earthquake,2023-08-11 00:00:00,Puri,26.1087,72.1734,61.9,300,327.05
DIS-2022-1116,Flood,2022-03-14 00:00:00,Patna,31.6079,81.6976,51.7,142,274.53
DIS-2023-1117,Cyclone,2019-09-15 00:00:00,Dehradun,8.9985,85.3154,20.1,62,57.15
DIS-2024-1118,Tsunami,2019-05-04 00:00:00,Shimla,12.4888,76.3464,71.4,278,239.26
DIS-2025-1119,Landslide,2023-05-12 00:00:00,Kutch,12.4123,90.5939,59.2,108,208.51
DIS-2018-1120,Earthquake,2024-09-15 00:00:00,Mumbai,11.4404,72.0343,28.6,30,48.66
DIS-2019-1121,Flood,2019-04-29 00:00:00,Chennai,10.6843,83.3663,97.2,185,764.2
DIS-2020-1122,Cyclone,2019-10-06 00:00:00,Guwahati,12.3385,82.1837,22.4,68,167.04
DIS-2021-1123,Tsunami,2022-01-06 00:00:00,Kolkata,29.0249,84.2488,69.6,344,224.99
DIS-2022-1124,Landslide,2019-12-21 00:00:00,Wayanad,31.782,71.7422,36.0,10,86.83
DIS-2023-1125,Earthquake,2019-11-01 00:00:00,Puri,18.1773,80.2537,30.1,80,171.53
DIS-2024-1126,Flood,2020-12-19 00:00:00,Patna,17.38,88.1914,71.2,89,204.67
DIS-2025-1127,Cyclone,2019-04-09 00:00:00,Dehradun,8.4937,91.4463,20.5,52,146.06
DIS-2018-1128,Tsunami,2024-06-22 00:00:00,Shimla,16.3136,76.8639,88.8,156,48.59
DIS-2019-1129,Landslide,2020-03-10 00:00:00,Kutch,27.9966,69.084,69.2,77,371.6
DIS-2020-1130,Earthquake,2021-07-16 00:00:00,Mumbai,21.7889,75.5662,57.6,87,191.87
DIS-2021-1131,Flood,2021-08-06 00:00:00,Chennai,24.7818,83.3294,59.2,118,418.53
DIS-2022-1132,Cyclone,2022-03-29 00:00:00,Guwahati,30.8106,85.1955,55.9,231,246.83
DIS-2023-1133,Tsunami,2019-03-04 00:00:00,Kolkata,13.2425,81.0178,45.8,113,307.1
DIS-2024-1134,Landslide,2021-04-10 00:00:00,Wayanad,24.2737,84.4291,33.0,139,208.99
DIS-2025-1135,Earthquake,2023-03-19 00:00:00,Puri,15.9252,80.8552,26.4,23,117.98
DIS-2018-1136,Flood,2019-06-24 00:00:00,Patna,23.5693,77.3647,56.4,67,284.8
DIS-2019-1137,Cyclone,2023-05-10 00:00:00,Dehradun,9.9507,89.1289,19.3,14,63.6
DIS-2020-1138,Tsunami,2022-10-04 00:00:00,Shimla,9.0068,84.3861,40.5,161,57.83
DIS-2021-1139,Landslide,2019-11-22 00:00:00,Kutch,16.2907,86.2705,94.2,90,301.24
DIS-2022-1140,Earthquake,2022-06-02 00:00:00,Mumbai,28.2594,87.3649,66.9,55,209.09
DIS-2023-1141,Flood,2023-10-23 00:00:00,Chennai,12.8876,83.456,97.5,292,294.44
DIS-2024-1142,Cyclone,2024-09-23 00:00:00,Guwahati,16.4604,84.0461,47.2,192,365.1
DIS-2025-1143,Tsunami,2024-02-28 00:00:00,Kolkata,23.2628,86.7704,59.2,163,68.73
DIS-2018-1144,Landslide,2022-11-18 00:00:00,Wayanad,30.3831,89.4685,30.8,65,242.12
DIS-2019-1145,Earthquake,2018-11-24 00:00:00,Puri,16.2929,76.9309,65.6,281,307.05
DIS-2020-1146,Flood,2021-06-22 00:00:00,Patna,20.4883,90.3374,92.4,65,713.05
DIS-2021-1147,Cyclone,2022-05-24 00:00:00,Dehradun,21.7589,71.6248,40.8,20,290.33
DIS-2022-1148,Tsunami,2022-11-08 00:00:00,Shimla,28.8529,76.5745,89.0,298,659.44
DIS-2023-1149,Landslide,2021-02-23 00:00:00,Kutch,13.9455,88.5256,91.4,259,85.38
DIS-2024-1150,Earthquake,2020-01-14 00:00:00,Mumbai,31.7936,73.8593,31.5,87,112.6
DIS-2025-1151,Flood,2019-01-12 00:00:00,Chennai,26.5254,80.3997,65.6,169,149.01
DIS-2018-1152,Cyclone,2018-10-05 00:00:00,Guwahati,24.2627,68.9224,62.2,288,179.75
DIS-2019-1153,Tsunami,2018-04-20 00:00:00,Kolkata,19.0095,91.557,31.5,40,136.85
DIS-2020-1154,Landslide,2019-12-30 00:00:00,Wayanad,30.6625,77.8379,71.4,267,156.7
DIS-2021-1155,Earthquake,2022-06-29 00:00:00,Puri,8.4054,79.5128,86.3,257,311.75
DIS-2022-1156,Flood,2022-05-17 00:00:00,Patna,26.5964,85.7557,59.7,165,151.67
DIS-2023-1157,Cyclone,2022-04-15 00:00:00,Dehradun,18.9082,85.1468,48.4,58,324.85
DIS-2024-1158,Tsunami,2023-09-10 00:00:00,Shimla,14.9585,72.4804,48.7,235,316.22
DIS-2025-1159,Landslide,2019-04-26 00:00:00,Kutch,30.5684,71.3745,20.9,33,138.81
DIS-2018-1160,Earthquake,2024-05-06 00:00:00,Mumbai,24.1277,91.2975,36.1,29,21.2
DIS-2019-1161,Flood,2019-07-16 00:00:00,Chennai,31.9059,77.2898,90.2,25,381.05
DIS-2020-1162,Cyclone,2019-07-15 00:00:00,Guwahati,16.0459,68.0317,40.6,84,46.35
DIS-2021-1163,Tsunami,2019-08-04 00:00:00,Kolkata,20.1844,84.6186,67.3,314,246.4
DIS-2022-1164,Landslide,2020-07-04 00:00:00,Wayanad,24.0749,74.4532,49.1,112,166.95
DIS-2023-1165,Earthquake,2023-02-14 00:00:00,Puri,26.2449,72.1961,43.1,82,82.75
DIS-2024-1166,Flood,2023-08-26 00:00:00,Patna,21.9057,87.1561,80.3,397,384.75
DIS-2025-1167,Cyclone,2019-07-16 00:00:00,Dehradun,17.5856,88.0529,75.6,143,540.7
DIS-2018-1168,Tsunami,2018-08-19 00:00:00,Shimla,20.0523,83.4984,32.4,97,218.85
DIS-2019-1169,Landslide,2023-02-28 00:00:00,Kutch,14.8295,81.8114,25.2,40,48.86
DIS-2020-1170,Earthquake,2018-02-24 00:00:00,Mumbai,30.1662,85.7859,41.2,91,67.34
DIS-2021-1171,Flood,2024-05-21 00:00:00,Chennai,17.9734,77.2241,76.3,23,568.82
DIS-2022-1172,Cyclone,2021-03-22 00:00:00,Guwahati,24.4696,68.8207,83.0,128,56.62
DIS-2023-1173,Tsunami,2018-06-09 00:00:00,Kolkata,30.5942,79.8556,22.1,33,37.76
DIS-2024-1174,Landslide,2023-07-10 00:00:00,Wayanad,14.7425,81.5497,21.1,94,33.48
DIS-2025-1175,Earthquake,2024-08-02 00:00:00,Puri,15.9485,77.5069,63.7,133,41.17
DIS-2018-1176,Flood,2024-02-18 00:00:00,Patna,16.3508,72.562,69.1,282,253.94
DIS-2019-1177,Cyclone,2021-09-25 00:00:00,Dehradun,20.1573,68.7837,20.8,98,49.88
DIS-2020-1178,Tsunami,2019-09-01 00:00:00,Shimla,30.152,75.8201,79.9,315,237.62
DIS-2021-1179,Landslide,2018-08-27 00:00:00,Kutch,25.6653,80.3115,76.3,226,47.22
DIS-2022-1180,Earthquake,2024-02-28 00:00:00,Mumbai,13.9778,81.7241,16.5,39,18.28
DIS-2023-1181,Flood,2018-05-22 00:00:00,Chennai,18.3849,71.0493,56.7,116,420.71
DIS-2024-1182,Cyclone,2023-01-19 00:00:00,Guwahati,23.6469,89.9038,84.2,165,514.51
DIS-2025-1183,Tsunami,2018-08-27 00:00:00,Kolkata,19.6489,72.826,25.3,93,179.17
DIS-2018-1184,Landslide,2022-10-07 00:00:00,Wayanad,30.0559,80.2773,67.2,148,27.12
DIS-2019-1185,Earthquake,2019-06-20 00:00:00,Puri,18.4117,84.1638,50.0,89,57.41
DIS-2020-1186,Flood,2020-02-22 00:00:00,Patna,27.4774,84.1748,35.1,165,171.92
DIS-2021-1187,Cyclone,2021-03-30 00:00:00,Dehradun,11.8013,80.0516,86.6,188,421.09
DIS-2022-1188,Tsunami,2018-03-05 00:00:00,Shimla,31.9953,79.8318,32.3,60,229.73
DIS-2023-1189,Landslide,2021-03-22 00:00:00,Kutch,23.3115,88.4441,45.0,169,96.61
DIS-2024-1190,Earthquake,2022-02-13 00:00:00,Mumbai,16.2584,91.7713,46.1,195,66.56
DIS-2025-1191,Flood,2024-08-04 00:00:00,Chennai,15.5852,89.3266,61.5,174,102.39
DIS-2018-1192,Cyclone,2022-01-21 00:00:00,Guwahati,21.1248,91.9322,62.0,27,340.71
DIS-2019-1193,Tsunami,2024-07-31 00:00:00,Kolkata,14.0259,79.9921,77.0,46,120.59
DIS-2020-1194,Landslide,2022-09-17 00:00:00,Wayanad,13.2639,74.1887,61.9,296,382.55
DIS-2021-1195,Earthquake,2023-03-04 00:00:00,Puri,22.4964,91.7751,37.0,133,246.38
DIS-2022-1196,Flood,2019-07-22 00:00:00,Patna,23.2424,89.7206,72.9,305,55.51
DIS-2023-1197,Cyclone,2024-04-05 00:00:00,Dehradun,26.5553,70.3985,88.1,132,458.3
DIS-2024-1198,Tsunami,2023-12-27 00:00:00,Shimla,13.5497,89.9928,48.7,19,358.38
DIS-2025-1199,Landslide,2020-07-08 00:00:00,Kutch,22.618,87.3755,46.9,21,329.94
DIS-2018-1200,Earthquake,2018-11-13 00:00:00,Mumbai,31.3589,75.2606,72.6,80,402.59
DIS-2019-1201,Flood,2021-12-21 00:00:00,Chennai,9.5813,79.2442,70.0,180,488.29
DIS-2020-1202,Cyclone,2024-04-30 00:00:00,Guwahati,26.6207,70.0157,88.9,335,107.24
DIS-2021-1203,Tsunami,2018-01-01 00:00:00,Kolkata,24.0973,73.6718,51.4,37,152.81
DIS-2022-1204,Landslide,2021-03-29 00:00:00,Wayanad,21.9241,72.6323,81.6,27,406.38
DIS-2023-1205,Earthquake,2019-08-22 00:00:00,Puri,11.377,90.6839,92.4,52,507.3
DIS-2024-1206,Flood,2020-11-23 00:00:00,Patna,16.4362,73.3942,38.1,70,26.94
DIS-2025-1207,Cyclone,2022-01-31 00:00:00,Dehradun,17.4307,84.0782,54.0,41,109.89
DIS-2018-1208,Tsunami,2020-07-02 00:00:00,Shimla,10.4034,87.38,26.2,76,127.98
DIS-2019-1209,Landslide,2022-05-16 00:00:00,Kutch,16.7727,69.8321,69.4,59,520.04
DIS-2020-1210,Earthquake,2021-09-27 00:00:00,Mumbai,30.936,88.5586,85.0,207,47.23
DIS-2021-1211,Flood,2024-11-02 00:00:00,Chennai,12.4737,81.4522,86.9,70,334.54
DIS-2022-1212,Cyclone,2022-10-11 00:00:00,Guwahati,21.3954,78.7022,20.8,94,3.47
DIS-2023-1213,Tsunami,2020-06-03 00:00:00,Kolkata,13.2004,87.8525,70.7,122,105.56
DIS-2024-1214,Landslide,2022-03-14 00:00:00,Wayanad,17.8019,70.6793,51.6,57,116.58
DIS-2025-1215,Earthquake,2021-05-08 00:00:00,Puri,23.3683,79.2392,86.2,324,347.83
DIS-2018-1216,Flood,2022-06-01 00:00:00,Patna,29.544,91.1934,45.1,152,148.32
DIS-2019-1217,Cyclone,2018-12-30 00:00:00,Dehradun,15.603,90.4099,80.6,62,595.48
DIS-2020-1218,Tsunami,2023-08-22 00:00:00,Shimla,9.9538,84.5221,33.8,130,253.94
DIS-2021-1219,Landslide,2023-07-26 00:00:00,Kutch,10.7276,84.9148,85.6,170,510.92
DIS-2022-1220,Earthquake,2018-04-28 00:00:00,Mumbai,19.761,78.3255,48.8,169,126.4
DIS-2023-1221,Flood,2023-03-06 00:00:00,Chennai,25.6126,75.9264,25.4,24,12.04
DIS-2024-1222,Cyclone,2024-01-21 00:00:00,Guwahati,12.7035,81.9666,80.2,201,518.19
DIS-2025-1223,Tsunami,2018-11-11 00:00:00,Kolkata,27.3197,90.2329,22.0,34,93.22
DIS-2018-1224,Landslide,2024-05-11 00:00:00,Wayanad,9.8995,70.8242,29.6,79,67.78
DIS-2019-1225,Earthquake,2021-03-15 00:00:00,Puri,13.0468,70.1061,27.9,34,124.41
DIS-2020-1226,Flood,2022-12-19 00:00:00,Patna,31.4997,69.7627,38.6,160,243.23
DIS-2021-1227,Cyclone,2021-02-15 00:00:00,Dehradun,29.3979,81.5103,44.2,27,7.77
DIS-2022-1228,Tsunami,2024-01-21 00:00:00,Shimla,8.4102,77.781,33.9,72,216.45
DIS-2023-1229,Landslide,2022-10-23 00:00:00,Kutch,26.3265,71.216,22.3,104,53.63
DIS-2024-1230,Earthquake,2020-09-02 00:00:00,Mumbai,29.0802,74.7938,81.9,354,71.34
DIS-2025-1231,Flood,2023-10-11 00:00:00,Chennai,13.7707,77.7569,86.9,186,675.65
DIS-2018-1232,Cyclone,2019-08-13 00:00:00,Guwahati,19.1567,91.2742,31.3,58,208.34
DIS-2019-1233,Tsunami,2021-06-09 00:00:00,Kolkata,29.4237,72.484,66.4,46,246.79
DIS-2020-1234,Landslide,2023-10-18 00:00:00,Wayanad,17.0191,81.8638,51.4,230,174.03
DIS-2021-1235,Earthquake,2022-08-30 00:00:00,Puri,26.8347,89.8896,74.1,82,480.41
DIS-2022-1236,Flood,2018-12-21 00:00:00,Patna,14.2599,87.1815,37.5,100,62.02
DIS-2023-1237,Cyclone,2021-08-31 00:00:00,Dehradun,26.1883,83.3888,91.7,430,418.93
DIS-2024-1238,Tsunami,2022-07-27 00:00:00,Shimla,11.0809,79.9755,69.3,168,355.47
DIS-2025-1239,Landslide,2018-10-02 00:00:00,Kutch,15.151,72.3823,66.2,143,213.68
DIS-2018-1240,Earthquake,2019-10-26 00:00:00,Mumbai,30.9017,90.0004,34.4,87,114.07
DIS-2019-1241,Flood,2020-12-17 00:00:00,Chennai,23.6138,76.5473,95.0,299,291.14
DIS-2020-1242,Cyclone,2019-03-22 00:00:00,Guwahati,17.4574,80.9515,22.2,78,158.43
DIS-2021-1243,Tsunami,2022-12-19 00:00:00,Kolkata,25.1919,91.9492,43.9,91,314.54
DIS-2022-1244,Landslide,2018-11-21 00:00:00,Wayanad,28.3222,73.799,72.4,231,231.53
DIS-2023-1245,Earthquake,2020-09-27 00:00:00,Puri,31.7492,79.492,34.0,32,150.46
DIS-2024-1246,Flood,2021-06-02 00:00:00,Patna,16.3648,78.4241,42.8,152,59.15
DIS-2025-1247,Cyclone,2023-05-25 00:00:00,Dehradun,8.298,72.1108,84.6,28,263.06
DIS-2018-1248,Tsunami,2022-07-07 00:00:00,Shimla,17.7808,79.6426,70.5,86,499.88
DIS-2019-1249,Landslide,2023-06-24 00:00:00,Kutch,31.5449,68.4804,60.4,67,441.62
DIS-2020-1250,Earthquake,2019-04-18 00:00:00,Mumbai,19.1867,75.8138,78.5,178,228.19
DIS-2021-1251,Flood,2024-11-04 00:00:00,Chennai,16.117,76.0897,17.6,3,101.85
DIS-2022-1252,Cyclone,2023-10-15 00:00:00,Guwahati,28.0114,77.481,61.8,146,44.63
DIS-2023-1253,Tsunami,2018-11-22 00:00:00,Kolkata,24.0719,71.3073,70.7,194,126.64
DIS-2024-1254,Landslide,2023-04-27 00:00:00,Wayanad,23.0068,80.3103,59.3,25,69.82
DIS-2025-1255,Earthquake,2018-02-03 00:00:00,Puri,9.9777,88.2346,15.9,58,28.51
DIS-2018-1256,Flood,2021-08-20 00:00:00,Patna,26.7763,71.5414,54.3,83,364.53
DIS-2019-1257,Cyclone,2023-07-27 00:00:00,Dehradun,23.4596,77.5405,50.1,209,84.37
DIS-2020-1258,Tsunami,2020-09-02 00:00:00,Shimla,29.3333,75.7326,16.1,48,116.4
DIS-2021-1259,Landslide,2024-02-02 00:00:00,Kutch,27.8992,85.2026,17.7,79,22.69
DIS-2022-1260,Earthquake,2021-04-13 00:00:00,Mumbai,27.8234,74.9913,82.1,129,159.33
DIS-2023-1261,Flood,2024-01-12 00:00:00,Chennai,17.575,86.8518,55.5,177,72.58
DIS-2024-1262,Cyclone,2018-06-10 00:00:00,Guwahati,28.275,72.6986,92.4,212,633.52
DIS-2025-1263,Tsunami,2018-07-21 00:00:00,Kolkata,12.2637,80.7699,44.6,197,112.76
DIS-2018-1264,Landslide,2022-04-21 00:00:00,Wayanad,24.6078,86.0708,27.6,58,31.18
DIS-2019-1265,Earthquake,2019-04-06 00:00:00,Puri,16.397,86.9878,67.0,42,334.42
DIS-2020-1266,Flood,2019-05-13 00:00:00,Patna,11.929,69.8381,70.1,110,347.62
DIS-2021-1267,Cyclone,2023-03-12 00:00:00,Dehradun,31.4987,82.2921,75.2,156,224.59
DIS-2022-1268,Tsunami,2024-06-13 00:00:00,Shimla,21.0271,90.97,89.6,317,419.81
DIS-2023-1269,Landslide,2023-06-02 00:00:00,Kutch,24.6431,87.9039,17.9,30,63.74
DIS-2024-1270,Earthquake,2024-01-02 00:00:00,Mumbai,16.6139,81.5889,34.7,102,49.09
DIS-2025-1271,Flood,2019-07-08 00:00:00,Chennai,29.4641,73.5503,30.7,141,173.53
DIS-2018-1272,Cyclone,2020-08-10 00:00:00,Guwahati,26.4463,77.0489,90.5,377,465.56
DIS-2019-1273,Tsunami,2019-01-10 00:00:00,Kolkata,29.5582,83.1172,76.5,305,348.13
DIS-2020-1274,Landslide,2020-05-30 00:00:00,Wayanad,9.8291,83.6654,58.7,34,347.15
DIS-2021-1275,Earthquake,2019-07-16 00:00:00,Puri,21.116,90.8858,30.2,18,95.46
DIS-2022-1276,Flood,2024-02-17 00:00:00,Patna,10.2672,72.578,15.6,67,11.08
DIS-2023-1277,Cyclone,2020-06-23 00:00:00,Dehradun,16.2384,84.4909,56.4,108,340.54
DIS-2024-1278,Tsunami,2024-04-21 00:00:00,Shimla,22.8912,79.0351,31.1,98,107.79
DIS-2025-1279,Landslide,2022-08-01 00:00:00,Kutch,29.3453,73.6362,21.1,41,110.08
DIS-2018-1280,Earthquake,2023-12-06 00:00:00,Mumbai,13.5539,81.4033,80.3,128,501.65
DIS-2019-1281,Flood,2024-01-23 00:00:00,Chennai,29.4555,85.3871,53.6,146,127.55
DIS-2020-1282,Cyclone,2020-01-15 00:00:00,Guwahati,27.5517,74.9612,97.3,481,289.48
DIS-2021-1283,Tsunami,2019-02-16 00:00:00,Kolkata,28.3543,80.8392,25.8,53,57.33
DIS-2022-1284,Landslide,2022-04-22 00:00:00,Wayanad,31.626,88.5007,92.2,109,160.78
DIS-2023-1285,Earthquake,2020-12-05 00:00:00,Puri,11.6404,81.1196,91.4,324,440.28
DIS-2024-1286,Flood,2018-09-22 00:00:00,Patna,19.7345,83.9784,45.8,150,92.76
DIS-2025-1287,Cyclone,2019-02-01 00:00:00,Dehradun,8.5363,87.4092,55.8,216,419.42
DIS-2018-1288,Tsunami,2020-11-06 00:00:00,Shimla,18.2559,86.5798,54.0,243,397.87
DIS-2019-1289,Landslide,2023-07-30 00:00:00,Kutch,29.7854,80.6534,33.2,36,246.93
DIS-2020-1290,Earthquake,2019-04-16 00:00:00,Mumbai,22.192,70.9089,30.3,28,111.51
DIS-2021-1291,Flood,2018-12-10 00:00:00,Chennai,28.9738,81.6933,87.9,260,330.53
DIS-2022-1292,Cyclone,2023-01-08 00:00:00,Guwahati,23.8441,87.071,77.4,353,251.4
DIS-2023-1293,Tsunami,2022-10-15 00:00:00,Kolkata,23.2129,88.6469,96.6,230,67.46
DIS-2024-1294,Landslide,2020-06-28 00:00:00,Wayanad,8.3057,82.6113,20.4,73,108.47
DIS-2025-1295,Earthquake,2023-12-18 00:00:00,Puri,10.7431,74.9859,25.8,97,43.66
DIS-2018-1296,Flood,2023-12-29 00:00:00,Patna,16.1914,91.1988,64.3,26,278.61
DIS-2019-1297,Cyclone,2021-12-17 00:00:00,Dehradun,24.9496,71.1325,68.0,335,392.23
DIS-2020-1298,Tsunami,2024-10-11 00:00:00,Shimla,23.7794,81.6908,97.8,276,552.65
DIS-2021-1299,Landslide,2023-04-14 00:00:00,Kutch,31.9982,78.447,50.5,205,296.71
DIS-2022-1300,Earthquake,2023-04-23 00:00:00,Mumbai,19.1175,75.7745,65.5,290,62.69
DIS-2023-1301,Flood,2023-01-03 00:00:00,Chennai,18.2804,79.1533,96.1,108,663.31
DIS-2024-1302,Cyclone,2018-01-23 00:00:00,Guwahati,14.0833,83.2023,28.7,129,40.52
DIS-2025-1303,Tsunami,2021-05-18 00:00:00,Kolkata,23.9167,72.9082,49.5,161,111.23
DIS-2018-1304,Landslide,2023-01-05 00:00:00,Wayanad,17.6328,68.8956,78.8,106,461.76
DIS-2019-1305,Earthquake,2020-05-11 00:00:00,Puri,14.0458,77.487,96.6,242,232.47
DIS-2020-1306,Flood,2018-03-25 00:00:00,Patna,22.3339,85.2154,52.1,139,64.58
DIS-2021-1307,Cyclone,2024-04-10 00:00:00,Dehradun,22.935,79.0935,92.7,323,154.1
DIS-2022-1308,Tsunami,2019-12-16 00:00:00,Shimla,27.6643,89.866,82.5,136,189.13
DIS-2023-1309,Landslide,2020-08-12 00:00:00,Kutch,28.7463,68.081,31.7,6,193.42
DIS-2024-1310,Earthquake,2020-11-24 00:00:00,Mumbai,26.2747,86.9355,92.2,261,580.54
DIS-2025-1311,Flood,2024-05-10 00:00:00,Chennai,14.4616,83.685,39.2,140,196.5
DIS-2018-1312,Cyclone,2021-06-02 00:00:00,Guwahati,19.9048,75.1684,24.9,117,92.73
DIS-2019-1313,Tsunami,2023-02-21 00:00:00,Kolkata,30.522,70.5776,93.8,283,416.71
DIS-2020-1314,Landslide,2024-06-07 00:00:00,Wayanad,9.8745,90.6359,23.2,70,96.51
DIS-2021-1315,Earthquake,2023-06-17 00:00:00,Puri,8.8242,83.6776,29.2,109,95.59
DIS-2022-1316,Flood,2022-01-10 00:00:00,Patna,9.7018,86.4202,20.9,90,46.83
DIS-2023-1317,Cyclone,2020-07-20 00:00:00,Dehradun,26.1311,81.7896,19.0,73,119.62
DIS-2024-1318,Tsunami,2023-03-08 00:00:00,Shimla,30.1447,77.028,57.0,81,343.89
DIS-2025-1319,Landslide,2023-02-09 00:00:00,Kutch,16.1516,78.2756,48.5,135,274.94
DIS-2018-1320,Earthquake,2023-08-19 00:00:00,Mumbai,24.2937,82.6906,27.1,13,23.19
DIS-2019-1321,Flood,2023-08-03 00:00:00,Chennai,8.91,78.9636,83.5,283,643.42
DIS-2020-1322,Cyclone,2019-09-30 00:00:00,Guwahati,11.6756,91.6586,69.3,19,65.52
DIS-2021-1323,Tsunami,2019-12-27 00:00:00,Kolkata,15.0223,81.243,20.3,91,73.94
DIS-2022-1324,Landslide,2020-04-02 00:00:00,Wayanad,23.7657,85.8725,52.7,205,25.18
DIS-2023-1325,Earthquake,2023-12-19 00:00:00,Puri,25.2299,89.861,43.8,201,226.78
DIS-2024-1326,Flood,2022-02-14 00:00:00,Patna,8.7967,91.9223,23.2,32,74.16
DIS-2025-1327,Cyclone,2020-10-12 00:00:00,Dehradun,23.5024,78.4757,35.8,65,76.01
DIS-2018-1328,Tsunami,2018-05-03 00:00:00,Shimla,29.1004,81.1634,38.7,136,71.34
DIS-2019-1329,Landslide,2024-06-10 00:00:00,Kutch,22.7514,88.8886,72.8,57,291.37
DIS-2020-1330,Earthquake,2020-11-20 00:00:00,Mumbai,14.6339,81.6495,52.5,38,63.75
DIS-2021-1331,Flood,2022-12-15 00:00:00,Chennai,27.7059,89.2612,34.5,63,184.49
DIS-2022-1332,Cyclone,2020-12-13 00:00:00,Guwahati,29.5827,85.4374,74.0,347,45.33
DIS-2023-1333,Tsunami,2022-12-02 00:00:00,Kolkata,12.615,69.6446,87.0,357,567.35
DIS-2024-1334,Landslide,2022-07-26 00:00:00,Wayanad,22.0861,86.2556,30.1,49,110.58
DIS-2025-1335,Earthquake,2018-08-07 00:00:00,Puri,11.064,87.2612,61.9,115,242.5
DIS-2018-1336,Flood,2019-03-23 00:00:00,Patna,26.0545,69.62,33.0,102,91.72
DIS-2019-1337,Cyclone,2024-02-12 00:00:00,Dehradun,15.1614,68.9932,17.7,50,70.85
DIS-2020-1338,Tsunami,2022-02-14 00:00:00,Shimla,17.8371,74.055,48.3,77,329.51
DIS-2021-1339,Landslide,2019-04-03 00:00:00,Kutch,19.0032,68.5759,56.1,116,200.17
DIS-2022-1340,Earthquake,2023-11-26 00:00:00,Mumbai,27.1295,70.2473,30.1,121,223.04
DIS-2023-1341,Flood,2018-05-06 00:00:00,Chennai,28.9867,76.2022,42.0,100,58.36
DIS-2024-1342,Cyclone,2021-12-30 00:00:00,Guwahati,27.9268,75.7904,49.8,12,33.82
DIS-2025-1343,Tsunami,2022-01-12 00:00:00,Kolkata,13.3609,68.7989,56.7,60,341.66
DIS-2018-1344,Landslide,2021-06-15 00:00:00,Wayanad,12.9068,84.5025,44.0,43,123.6
DIS-2019-1345,Earthquake,2022-05-08 00:00:00,Puri,21.4895,82.2239,55.4,116,303.27
DIS-2020-1346,Flood,2020-07-12 00:00:00,Patna,29.3795,68.9856,20.9,102,63.14
DIS-2021-1347,Cyclone,2020-04-18 00:00:00,Dehradun,23.0191,79.7631,26.9,31,55.02
DIS-2022-1348,Tsunami,2023-03-09 00:00:00,Shimla,30.3924,86.1371,80.5,143,25.13
DIS-2023-1349,Landslide,2019-10-08 00:00:00,Kutch,18.6635,70.5418,66.4,296,493.5
DIS-2024-1350,Earthquake,2024-08-01 00:00:00,Mumbai,13.7149,78.1726,16.2,25,127.43
DIS-2025-1351,Flood,2020-11-01 00:00:00,Chennai,9.0047,91.7371,19.0,48,23.41
DIS-2018-1352,Cyclone,2022-09-13 00:00:00,Guwahati,11.2363,74.1515,95.8,98,200.46
DIS-2019-1353,Tsunami,2018-11-29 00:00:00,Kolkata,29.0624,78.4652,37.7,27,87.67
DIS-2020-1354,Landslide,2024-03-02 00:00:00,Wayanad,13.0471,71.2707,17.0,66,129.05
DIS-2021-1355,Earthquake,2021-07-06 00:00:00,Puri,10.7793,76.032,41.5,169,253.28
DIS-2022-1356,Flood,2019-01-21 00:00:00,Patna,19.6262,80.9065,19.9,58,43.7
DIS-2023-1357,Cyclone,2021-11-04 00:00:00,Dehradun,24.0212,76.6757,60.2,101,291.34
DIS-2024-1358,Tsunami,2023-07-22 00:00:00,Shimla,13.7055,82.0212,47.1,100,346.86
DIS-2025-1359,Landslide,2020-11-21 00:00:00,Kutch,15.0347,75.748,20.5,87,59.21
DIS-2018-1360,Earthquake,2019-02-20 00:00:00,Mumbai,13.7659,90.9587,76.8,137,602.27
DIS-2019-1361,Flood,2022-11-30 00:00:00,Chennai,15.6727,85.8605,59.2,32,245.46
DIS-2020-1362,Cyclone,2021-02-26 00:00:00,Guwahati,27.7459,90.7232,23.9,87,143.07
DIS-2021-1363,Tsunami,2019-06-27 00:00:00,Kolkata,29.7194,68.1056,15.0,55,64.37
DIS-2022-1364,Landslide,2022-12-19 00:00:00,Wayanad,13.1504,72.6769,21.7,38,149.08
DIS-2023-1365,Earthquake,2019-07-12 00:00:00,Puri,22.5996,84.1672,39.2,85,76.91
DIS-2024-1366,Flood,2021-06-07 00:00:00,Patna,27.9803,82.93,18.1,46,101.38
DIS-2025-1367,Cyclone,2023-06-25 00:00:00,Dehradun,10.6506,78.5876,82.1,276,431.43
DIS-2018-1368,Tsunami,2020-03-12 00:00:00,Shimla,11.9232,74.1376,35.5,42,246.26
DIS-2019-1369,Landslide,2024-03-05 00:00:00,Kutch,18.0277,86.0075,60.5,294,191.14
DIS-2020-1370,Earthquake,2018-12-15 00:00:00,Mumbai,15.4317,68.7358,27.5,10,190.28
DIS-2021-1371,Flood,2019-06-07 00:00:00,Chennai,16.6391,83.3441,91.5,267,561.72
DIS-2022-1372,Cyclone,2022-05-20 00:00:00,Guwahati,26.182,80.6152,66.9,246,19.02
DIS-2023-1373,Tsunami,2022-11-12 00:00:00,Kolkata,12.1893,91.7021,45.0,90,303.13
DIS-2024-1374,Landslide,2021-02-27 00:00:00,Wayanad,31.1705,78.4529,61.4,34,104.75
DIS-2025-1375,Earthquake,2024-01-04 00:00:00,Puri,10.2296,69.516,37.2,22,186.13
DIS-2018-1376,Flood,2019-01-11 00:00:00,Patna,29.1701,76.4334,60.9,34,380.62
DIS-2019-1377,Cyclone,2020-10-02 00:00:00,Dehradun,9.6756,81.3607,35.6,159,281.43
DIS-2020-1378,Tsunami,2019-01-25 00:00:00,Shimla,14.9345,71.4465,55.0,181,416.61
DIS-2021-1379,Landslide,2024-01-12 00:00:00,Kutch,14.7521,82.2877,72.3,354,289.26
DIS-2022-1380,Earthquake,2018-04-03 00:00:00,Mumbai,17.3754,79.3265,85.8,35,376.07
DIS-2023-1381,Flood,2021-10-21 00:00:00,Chennai,8.4152,86.6848,42.2,170,19.71
DIS-2024-1382,Cyclone,2021-08-08 00:00:00,Guwahati,11.805,77.551,34.1,114,129.19
DIS-2025-1383,Tsunami,2021-12-03 00:00:00,Kolkata,19.2693,77.0965,92.1,121,613.19
DIS-2018-1384,Landslide,2020-01-14 00:00:00,Wayanad,24.3092,73.6681,46.3,206,143.83
DIS-2019-1385,Earthquake,2021-12-29 00:00:00,Puri,29.8046,78.5928,76.9,122,599.37
DIS-2020-1386,Flood,2021-03-28 00:00:00,Patna,18.8363,70.6783,71.9,235,543.79
DIS-2021-1387,Cyclone,2022-09-27 00:00:00,Dehradun,10.6977,78.8446,31.0,149,120.33
DIS-2022-1388,Tsunami,2021-08-04 00:00:00,Shimla,10.4962,86.8471,72.9,201,563.81
DIS-2023-1389,Landslide,2019-06-08 00:00:00,Kutch,11.758,72.4714,91.9,276,328.37
DIS-2024-1390,Earthquake,2020-05-27 00:00:00,Mumbai,15.2526,69.6124,36.0,119,96.55
DIS-2025-1391,Flood,2021-05-02 00:00:00,Chennai,11.8735,68.3148,83.2,108,283.35
DIS-2018-1392,Cyclone,2020-12-31 00:00:00,Guwahati,27.2346,80.9288,39.9,171,301.06
DIS-2019-1393,Tsunami,2018-08-16 00:00:00,Kolkata,31.9357,74.7723,62.8,310,130.05
DIS-2020-1394,Landslide,2022-03-06 00:00:00,Wayanad,12.3417,79.088,17.9,27,21.71
DIS-2021-1395,Earthquake,2024-06-08 00:00:00,Puri,24.4104,75.4936,90.5,380,257.73
DIS-2022-1396,Flood,2023-12-20 00:00:00,Patna,8.8221,74.5827,97.2,439,604.72
DIS-2023-1397,Cyclone,2022-07-19 00:00:00,Dehradun,20.9529,71.5685,43.9,192,97.57
DIS-2024-1398,Tsunami,2020-10-17 00:00:00,Shimla,10.9094,81.412,29.6,43,56.97
DIS-2025-1399,Landslide,2022-01-19 00:00:00,Kutch,17.5803,82.2366,60.3,269,58.37
DIS-2018-1400,Earthquake,2022-04-23 00:00:00,Mumbai,8.9472,82.465,25.2,123,162.69
DIS-2019-1401,Flood,2023-08-10 00:00:00,Chennai,28.6404,76.6313,42.0,95,117.85
DIS-2020-1402,Cyclone,2023-08-13 00:00:00,Guwahati,30.8738,73.8157,54.1,224,70.36
DIS-2021-1403,Tsunami,2023-10-19 00:00:00,Kolkata,8.9152,85.2677,38.3,61,53.69
DIS-2022-1404,Landslide,2020-06-01 00:00:00,Wayanad,24.9509,83.3349,88.0,229,428.95
DIS-2023-1405,Earthquake,2018-08-02 00:00:00,Puri,15.2666,72.8086,60.0,119,86.52
DIS-2024-1406,Flood,2021-04-25 00:00:00,Patna,28.4704,75.6192,64.7,140,55.99
DIS-2025-1407,Cyclone,2020-05-06 00:00:00,Dehradun,13.6616,69.2394,97.7,171,256.02
DIS-2018-1408,Tsunami,2019-11-03 00:00:00,Shimla,25.972,75.5494,67.6,313,326.81
DIS-2019-1409,Landslide,2024-10-20 00:00:00,Kutch,12.4906,86.7727,94.3,47,661.89
DIS-2020-1410,Earthquake,2024-08-15 00:00:00,Mumbai,27.8076,76.3132,62.0,199,393.07
DIS-2021-1411,Flood,2023-07-01 00:00:00,Chennai,12.1192,73.087,59.2,168,294.13
DIS-2022-1412,Cyclone,2020-05-19 00:00:00,Guwahati,29.7833,85.1687,72.8,77,379.25
DIS-2023-1413,Tsunami,2018-07-20 00:00:00,Kolkata,31.8269,82.9422,18.0,15,117.99
DIS-2024-1414,Landslide,2022-04-17 00:00:00,Wayanad,25.6639,86.4904,34.2,60,67.25
DIS-2025-1415,Earthquake,2024-02-05 00:00:00,Puri,29.8012,80.0636,69.5,247,219.94
DIS-2018-1416,Flood,2024-09-20 00:00:00,Patna,8.0042,71.9025,88.3,142,113.01
DIS-2019-1417,Cyclone,2023-10-11 00:00:00,Dehradun,16.8458,77.9647,67.2,114,275.1
DIS-2020-1418,Tsunami,2023-09-29 00:00:00,Shimla,23.6034,75.7276,18.4,4,140.03
DIS-2021-1419,Landslide,2019-12-07 00:00:00,Kutch,27.1204,72.6082,38.9,77,244.74
DIS-2022-1420,Earthquake,2019-11-30 00:00:00,Mumbai,18.7236,88.7383,73.4,239,440.18
DIS-2023-1421,Flood,2023-06-23 00:00:00,Chennai,30.2627,83.5246,95.5,268,298.88
DIS-2024-1422,Cyclone,2019-03-23 00:00:00,Guwahati,8.0342,85.5625,77.4,143,327.1
DIS-2025-1423,Tsunami,2023-04-03 00:00:00,Kolkata,16.6394,68.3849,61.7,136,330.64
DIS-2018-1424,Landslide,2018-12-16 00:00:00,Wayanad,20.1584,89.3712,51.0,250,28.47
DIS-2019-1425,Earthquake,2023-06-14 00:00:00,Puri,22.0047,76.3838,85.0,353,30.86
DIS-2020-1426,Flood,2020-01-27 00:00:00,Patna,16.6075,85.997,93.5,312,197.23
DIS-2021-1427,Cyclone,2024-03-22 00:00:00,Dehradun,18.3677,69.3612,63.8,141,50.88
DIS-2022-1428,Tsunami,2018-03-07 00:00:00,Shimla,12.8466,71.7122,55.0,261,37.32
DIS-2023-1429,Landslide,2018-06-29 00:00:00,Kutch,22.3968,80.636,57.8,68,24.4
DIS-2024-1430,Earthquake,2021-08-05 00:00:00,Mumbai,24.1345,76.2838,16.5,16,17.66
DIS-2025-1431,Flood,2022-09-18 00:00:00,Chennai,31.1732,74.7568,90.4,185,509.62
DIS-2018-1432,Cyclone,2022-08-22 00:00:00,Guwahati,8.2372,76.1141,40.1,109,119.5
DIS-2019-1433,Tsunami,2022-08-06 00:00:00,Kolkata,14.3859,82.1722,27.6,91,157.17
DIS-2020-1434,Landslide,2023-01-05 00:00:00,Wayanad,26.6882,81.5342,48.4,151,283.41
DIS-2021-1435,Earthquake,2020-08-05 00:00:00,Puri,16.2796,84.0788,36.4,132,153.57
DIS-2022-1436,Flood,2019-11-14 00:00:00,Patna,24.3986,74.4665,64.7,275,214.31
DIS-2023-1437,Cyclone,2021-05-13 00:00:00,Dehradun,26.7936,88.0735,52.7,86,280.53
DIS-2024-1438,Tsunami,2019-01-07 00:00:00,Shimla,24.694,84.8984,71.7,38,290.33
DIS-2025-1439,Landslide,2019-02-03 00:00:00,Kutch,28.9742,75.8443,25.6,106,175.98
DIS-2018-1440,Earthquake,2021-02-27 00:00:00,Mumbai,29.7601,77.8065,85.3,266,346.92
DIS-2019-1441,Flood,2021-03-21 00:00:00,Chennai,25.2448,71.748,91.4,137,98.14
DIS-2020-1442,Cyclone,2018-01-28 00:00:00,Guwahati,11.5934,86.7839,63.8,226,119.52
DIS-2021-1443,Tsunami,2023-02-18 00:00:00,Kolkata,9.6429,79.5558,29.1,119,175.17
DIS-2022-1444,Landslide,2022-09-18 00:00:00,Wayanad,17.6078,69.9857,78.8,21,532.85
DIS-2023-1445,Earthquake,2024-03-15 00:00:00,Puri,21.8781,89.4,55.2,104,321.47
DIS-2024-1446,Flood,2020-05-08 00:00:00,Patna,15.2237,68.0279,46.5,224,192.14
DIS-2025-1447,Cyclone,2022-08-30 00:00:00,Dehradun,31.685,75.254,17.6,83,44.96
DIS-2018-1448,Tsunami,2023-02-20 00:00:00,Shimla,21.9355,90.8865,69.0,54,168.31
DIS-2019-1449,Landslide,2024-01-30 00:00:00,Kutch,29.2745,75.2492,74.3,337,327.22
DIS-2020-1450,Earthquake,2024-06-05 00:00:00,Mumbai,30.1879,81.7365,20.8,91,74.43
DIS-2021-1451,Flood,2019-04-08 00:00:00,Chennai,23.005,79.7698,87.4,219,647.14
DIS-2022-1452,Cyclone,2019-08-20 00:00:00,Guwahati,25.2726,70.6772,29.7,51,67.39
DIS-2023-1453,Tsunami,2023-04-10 00:00:00,Kolkata,17.7665,91.0876,58.3,275,430.08
DIS-2024-1454,Landslide,2020-03-13 00:00:00,Wayanad,29.2187,70.3519,67.6,65,225.37
DIS-2025-1455,Earthquake,2022-06-07 00:00:00,Puri,23.8778,83.209,46.8,97,150.7
DIS-2018-1456,Flood,2021-11-04 00:00:00,Patna,18.1796,73.8123,42.2,140,176.47
DIS-2019-1457,Cyclone,2020-03-19 00:00:00,Dehradun,31.805,69.3109,55.8,151,55.87
DIS-2020-1458,Tsunami,2023-09-30 00:00:00,Shimla,11.1202,84.6586,91.1,50,299.07
DIS-2021-1459,Landslide,2021-11-19 00:00:00,Kutch,8.0613,80.269,31.0,21,3.45
DIS-2022-1460,Earthquake,2023-05-17 00:00:00,Mumbai,18.8275,71.7304,76.3,237,608.3
DIS-2023-1461,Flood,2024-06-07 00:00:00,Chennai,15.1717,75.7908,30.2,29,55.83
DIS-2024-1462,Cyclone,2019-03-31 00:00:00,Guwahati,11.7155,75.2569,75.1,32,307.1
DIS-2025-1463,Tsunami,2019-03-30 00:00:00,Kolkata,24.7664,81.0307,70.3,218,60.74
DIS-2018-1464,Landslide,2023-07-08 00:00:00,Wayanad,19.1915,78.469,85.8,167,266.09
DIS-2019-1465,Earthquake,2018-09-29 00:00:00,Puri,27.3265,83.6751,51.2,159,159.81
DIS-2020-1466,Flood,2021-12-11 00:00:00,Patna,31.699,84.9205,39.2,83,227.68
DIS-2021-1467,Cyclone,2024-01-10 00:00:00,Dehradun,24.4155,91.1214,32.9,101,262.85
DIS-2022-1468,Tsunami,2023-05-31 00:00:00,Shimla,12.8284,80.5572,43.7,130,93.17
DIS-2023-1469,Landslide,2018-06-03 00:00:00,Kutch,16.4825,73.132,62.5,214,132.07
DIS-2024-1470,Earthquake,2018-08-31 00:00:00,Mumbai,26.7116,74.1429,27.5,69,127.44
DIS-2025-1471,Flood,2019-04-12 00:00:00,Chennai,19.8031,85.5987,62.0,146,118.03
DIS-2018-1472,Cyclone,2023-07-29 00:00:00,Guwahati,16.6703,68.5273,94.2,251,624.78
DIS-2019-1473,Tsunami,2024-06-25 00:00:00,Kolkata,9.8264,76.3639,83.3,132,564.62
DIS-2020-1474,Landslide,2021-07-19 00:00:00,Wayanad,19.839,79.9604,96.1,430,724.03
DIS-2021-1475,Earthquake,2022-07-30 00:00:00,Puri,21.6711,80.0329,65.2,173,297.66
DIS-2022-1476,Flood,2018-06-20 00:00:00,Patna,8.1424,73.172,17.1,66,114.57
DIS-2023-1477,Cyclone,2023-09-13 00:00:00,Dehradun,22.8661,85.9694,58.4,187,421.45
DIS-2024-1478,Tsunami,2020-11-06 00:00:00,Shimla,25.2406,76.3651,63.8,227,402.14
DIS-2025-1479,Landslide,2022-06-22 00:00:00,Kutch,20.3051,87.5136,56.3,214,81.75
DIS-2018-1480,Earthquake,2022-05-26 00:00:00,Mumbai,27.91,81.2381,96.7,430,215.07
DIS-2019-1481,Flood,2019-03-06 00:00:00,Chennai,13.8505,75.1302,62.9,160,362.84
DIS-2020-1482,Cyclone,2022-03-24 00:00:00,Guwahati,15.5969,86.7695,29.6,33,38.07
DIS-2021-1483,Tsunami,2020-06-11 00:00:00,Kolkata,9.3967,88.9545,39.0,167,21.01
DIS-2022-1484,Landslide,2024-03-22 00:00:00,Wayanad,11.5698,81.843,76.4,280,233.27
DIS-2023-1485,Earthquake,2018-01-15 00:00:00,Puri,22.0508,80.0552,31.2,55,124.7
DIS-2024-1486,Flood,2023-02-05 00:00:00,Patna,29.9876,90.9357,91.9,198,511.64
DIS-2025-1487,Cyclone,2019-05-24 00:00:00,Dehradun,28.3024,76.5578,34.3,158,53.1
DIS-2018-1488,Tsunami,2021-07-15 00:00:00,Shimla,27.2725,79.4386,81.4,224,379.92
DIS-2019-1489,Landslide,2023-10-04 00:00:00,Kutch,9.2621,74.1275,68.0,88,105.33
DIS-2020-1490,Earthquake,2022-11-29 00:00:00,Mumbai,26.6694,72.8159,80.8,402,134.05
DIS-2021-1491,Flood,2018-08-28 00:00:00,Chennai,10.2315,69.8104,84.3,18,591.0
DIS-2022-1492,Cyclone,2024-04-09 00:00:00,Guwahati,29.0461,87.354,35.6,40,136.69
DIS-2023-1493,Tsunami,2019-10-18 00:00:00,Kolkata,24.3657,83.2125,50.5,46,294.72
DIS-2024-1494,Landslide,2019-12-10 00:00:00,Wayanad,19.4724,85.9664,69.9,191,450.73
DIS-2025-1495,Earthquake,2018-04-27 00:00:00,Puri,13.1709,80.657,35.0,101,240.18
DIS-2018-1496,Flood,2018-02-03 00:00:00,Patna,29.4694,83.5696,75.2,368,84.88
DIS-2019-1497,Cyclone,2022-07-15 00:00:00,Dehradun,10.4944,77.9052,95.0,196,336.27
DIS-2020-1498,Tsunami,2018-10-29 00:00:00,Shimla,9.7655,79.9626,56.0,172,77.6
DIS-2021-1499,Landslide,2019-09-04 00:00:00,Kutch,21.1688,88.5811,57.7,23,447.58
DIS-2022-1500,Earthquake,2021-07-13 00:00:00,Mumbai,24.9407,76.0631,27.2,42,19.22
DIS-2023-1501,Flood,2023-03-07 00:00:00,Chennai,15.4457,80.1603,63.5,253,449.11
DIS-2024-1502,Cyclone,2023-05-25 00:00:00,Guwahati,31.2141,78.5377,93.9,267,710.42
DIS-2025-1503,Tsunami,2020-06-26 00:00:00,Kolkata,20.4289,87.9659,77.8,233,15.27
DIS-2018-1504,Landslide,2024-06-10 00:00:00,Wayanad,15.9698,69.4938,58.3,69,248.75
DIS-2019-1505,Earthquake,2021-11-29 00:00:00,Puri,12.8962,70.8965,57.4,33,60.89
DIS-2020-1506,Flood,2024-03-04 00:00:00,Patna,26.5597,69.6262,90.3,30,418.06
DIS-2021-1507,Cyclone,2021-07-31 00:00:00,Dehradun,28.1241,85.3356,25.9,88,10.21
DIS-2022-1508,Tsunami,2024-07-10 00:00:00,Shimla,28.5283,89.7504,85.6,277,467.47
DIS-2023-1509,Landslide,2023-06-08 00:00:00,Kutch,27.3535,83.9,42.2,11,237.19
DIS-2024-1510,Earthquake,2019-01-12 00:00:00,Mumbai,30.9147,84.9495,97.5,74,555.61
DIS-2025-1511,Flood,2022-05-19 00:00:00,Chennai,16.3568,70.4321,47.1,231,150.87
DIS-2018-1512,Cyclone,2022-05-10 00:00:00,Guwahati,29.274,80.2317,74.5,91,399.95
DIS-2019-1513,Tsunami,2024-11-02 00:00:00,Kolkata,24.0877,89.6271,16.3,44,81.64
DIS-2020-1514,Landslide,2020-12-06 00:00:00,Wayanad,10.1929,78.3828,33.9,159,267.91
DIS-2021-1515,Earthquake,2019-09-16 00:00:00,Puri,26.3165,81.7705,77.8,175,605.63
DIS-2022-1516,Flood,2019-03-29 00:00:00,Patna,21.4446,74.0952,34.1,137,232.8
DIS-2023-1517,Cyclone,2019-01-27 00:00:00,Dehradun,22.9562,76.3422,66.4,35,196.56
DIS-2024-1518,Tsunami,2019-12-13 00:00:00,Shimla,30.4492,88.7021,38.7,116,90.49
DIS-2025-1519,Landslide,2023-08-31 00:00:00,Kutch,31.4757,74.3156,54.0,223,248.99
DIS-2018-1520,Earthquake,2018-04-06 00:00:00,Mumbai,8.7632,89.6699,18.3,7,72.41
DIS-2019-1521,Flood,2024-04-12 00:00:00,Chennai,18.815,75.9558,94.5,300,602.72
DIS-2020-1522,Cyclone,2022-06-06 00:00:00,Guwahati,29.3502,79.2394,89.5,415,127.01
DIS-2021-1523,Tsunami,2021-05-09 00:00:00,Kolkata,14.4161,69.5174,81.0,79,33.79
DIS-2022-1524,Landslide,2023-07-20 00:00:00,Wayanad,12.0019,78.8788,35.5,83,178.73
DIS-2023-1525,Earthquake,2018-10-06 00:00:00,Puri,11.3397,91.3475,51.8,129,81.47
DIS-2024-1526,Flood,2022-05-16 00:00:00,Patna,10.8846,88.8873,93.0,174,713.35
DIS-2025-1527,Cyclone,2022-12-12 00:00:00,Dehradun,9.9959,83.4474,95.7,235,132.61
DIS-2018-1528,Tsunami,2018-01-30 00:00:00,Shimla,12.85,89.3504,90.7,322,427.58
DIS-2019-1529,Landslide,2018-01-24 00:00:00,Kutch,18.7653,73.3623,40.7,51,203.97
DIS-2020-1530,Earthquake,2019-11-03 00:00:00,Mumbai,22.1537,91.29,20.0,52,85.28
DIS-2021-1531,Flood,2021-07-17 00:00:00,Chennai,8.9583,87.8205,56.1,38,296.41
DIS-2022-1532,Cyclone,2022-08-19 00:00:00,Guwahati,26.9861,76.518,94.2,168,138.51
DIS-2023-1533,Tsunami,2023-01-01 00:00:00,Kolkata,13.0207,82.8604,35.4,24,12.59
DIS-2024-1534,Landslide,2018-05-18 00:00:00,Wayanad,10.1211,88.2954,69.1,233,390.94
DIS-2025-1535,Earthquake,2018-03-03 00:00:00,Puri,11.2821,87.5107,71.3,16,26.86
DIS-2018-1536,Flood,2024-05-02 00:00:00,Patna,23.9318,80.5582,83.1,301,617.69
DIS-2019-1537,Cyclone,2018-09-11 00:00:00,Dehradun,27.1274,82.6231,24.6,119,64.54
DIS-2020-1538,Tsunami,2019-04-15 00:00:00,Shimla,10.2381,84.9813,75.9,254,461.57
DIS-2021-1539,Landslide,2021-10-25 00:00:00,Kutch,12.563,75.9823,24.0,103,154.58
DIS-2022-1540,Earthquake,2021-03-09 00:00:00,Mumbai,23.8736,75.797,57.9,95,386.65
DIS-2023-1541,Flood,2022-04-12 00:00:00,Chennai,26.831,68.5218,34.9,30,272.95
DIS-2024-1542,Cyclone,2021-12-25 00:00:00,Guwahati,22.1064,80.2345,58.4,213,44.95
DIS-2025-1543,Tsunami,2024-04-14 00:00:00,Kolkata,21.7598,81.6985,90.9,77,420.39
DIS-2018-1544,Landslide,2021-10-07 00:00:00,Wayanad,10.1919,72.8911,17.6,40,80.54
DIS-2019-1545,Earthquake,2018-04-30 00:00:00,Puri,8.5387,91.7621,61.3,185,217.79
DIS-2020-1546,Flood,2022-02-24 00:00:00,Patna,8.5769,90.1863,15.9,44,121.9
DIS-2021-1547,Cyclone,2020-04-04 00:00:00,Dehradun,25.9435,88.4029,44.4,187,259.34
DIS-2022-1548,Tsunami,2023-01-03 00:00:00,Shimla,16.4659,87.7101,59.8,274,222.21
DIS-2023-1549,Landslide,2018-12-06 00:00:00,Kutch,23.4278,70.4729,90.1,355,574.49
DIS-2024-1550,Earthquake,2022-04-22 00:00:00,Mumbai,14.1555,80.7002,94.7,329,729.37
DIS-2025-1551,Flood,2021-09-14 00:00:00,Chennai,15.2139,88.6748,92.5,121,253.32
DIS-2018-1552,Cyclone,2018-04-02 00:00:00,Guwahati,8.8594,87.9549,85.5,161,60.43
DIS-2019-1553,Tsunami,2021-11-24 00:00:00,Kolkata,26.0734,85.4366,90.7,57,262.06
DIS-2020-1554,Landslide,2022-09-03 00:00:00,Wayanad,8.1484,79.8557,44.9,149,145.79
DIS-2021-1555,Earthquake,2018-11-08 00:00:00,Puri,10.0033,74.9769,60.1,228,111.8
DIS-2022-1556,Flood,2024-04-18 00:00:00,Patna,31.8632,72.028,80.5,140,218.38
DIS-2023-1557,Cyclone,2024-09-27 00:00:00,Dehradun,21.5252,88.457,47.1,94,81.85
DIS-2024-1558,Tsunami,2020-11-10 00:00:00,Shimla,30.541,84.7346,19.2,70,108.07
DIS-2025-1559,Landslide,2023-07-05 00:00:00,Kutch,31.0053,82.3149,67.8,231,399.35
DIS-2018-1560,Earthquake,2023-09-01 00:00:00,Mumbai,13.62,76.9104,27.2,80,68.61
DIS-2019-1561,Flood,2018-12-31 00:00:00,Chennai,17.0882,85.1562,45.4,190,225.15
DIS-2020-1562,Cyclone,2019-10-12 00:00:00,Guwahati,24.7278,75.0663,60.5,183,443.47
DIS-2021-1563,Tsunami,2021-04-01 00:00:00,Kolkata,29.5585,91.3036,70.4,295,157.67
DIS-2022-1564,Landslide,2022-07-28 00:00:00,Wayanad,18.2585,73.7214,15.3,32,82.0
DIS-2023-1565,Earthquake,2019-01-12 00:00:00,Puri,27.4275,83.0292,73.0,306,569.76
DIS-2024-1566,Flood,2023-12-22 00:00:00,Patna,23.4083,79.0767,40.3,188,101.46
DIS-2025-1567,Cyclone,2022-02-04 00:00:00,Dehradun,12.7192,74.4355,42.4,22,21.88
DIS-2018-1568,Tsunami,2022-07-16 00:00:00,Shimla,15.0299,75.0984,24.8,8,176.01
DIS-2019-1569,Landslide,2018-08-25 00:00:00,Kutch,29.2645,73.0204,28.5,57,24.96
DIS-2020-1570,Earthquake,2019-07-24 00:00:00,Mumbai,20.5725,80.3481,53.9,42,166.11
DIS-2021-1571,Flood,2022-03-07 00:00:00,Chennai,11.2776,68.3993,77.4,157,88.76
DIS-2022-1572,Cyclone,2020-12-03 00:00:00,Guwahati,28.6892,82.7362,44.4,123,328.27
DIS-2023-1573,Tsunami,2018-12-25 00:00:00,Kolkata,22.3131,91.3196,26.3,125,127.98
DIS-2024-1574,Landslide,2024-09-10 00:00:00,Wayanad,29.6757,77.5491,82.3,304,503.15
DIS-2025-1575,Earthquake,2020-12-02 00:00:00,Puri,26.4985,83.9227,32.9,94,139.99
DIS-2018-1576,Flood,2022-06-23 00:00:00,Patna,14.0688,71.7106,32.1,99,5.69
DIS-2019-1577,Cyclone,2023-08-04 00:00:00,Dehradun,26.725,87.6772,95.1,290,330.03
DIS-2020-1578,Tsunami,2024-08-31 00:00:00,Shimla,16.0359,81.5752,79.9,99,406.65
DIS-2021-1579,Landslide,2021-01-20 00:00:00,Kutch,17.179,79.5703,84.4,281,446.35
DIS-2022-1580,Earthquake,2022-04-07 00:00:00,Mumbai,27.2867,83.3153,20.4,35,70.41
DIS-2023-1581,Flood,2020-03-17 00:00:00,Chennai,19.8181,88.5525,58.4,34,172.7
DIS-2024-1582,Cyclone,2020-02-16 00:00:00,Guwahati,12.3696,91.0607,74.3,150,218.97
DIS-2025-1583,Tsunami,2022-05-09 00:00:00,Kolkata,17.402,87.0445,41.9,101,147.65
DIS-2018-1584,Landslide,2023-04-18 00:00:00,Wayanad,19.9035,91.6886,39.8,162,80.54
DIS-2019-1585,Earthquake,2024-07-27 00:00:00,Puri,29.1962,81.4652,65.6,269,73.03
DIS-2020-1586,Flood,2024-06-03 00:00:00,Patna,16.8329,79.4523,50.9,82,25.88
DIS-2021-1587,Cyclone,2018-07-17 00:00:00,Dehradun,26.4223,76.4607,88.8,266,426.6
DIS-2022-1588,Tsunami,2020-12-21 00:00:00,Shimla,26.6517,80.1422,57.3,160,270.46
DIS-2023-1589,Landslide,2022-05-14 00:00:00,Kutch,11.5237,84.7642,27.0,86,27.64
DIS-2024-1590,Earthquake,2024-08-29 00:00:00,Mumbai,26.4899,88.7832,93.4,139,589.42
DIS-2025-1591,Flood,2018-05-24 00:00:00,Chennai,14.4732,85.5928,65.7,239,119.42
DIS-2018-1592,Cyclone,2019-10-01 00:00:00,Guwahati,14.3376,85.9839,29.8,108,148.45
DIS-2019-1593,Tsunami,2020-04-16 00:00:00,Kolkata,24.6653,73.1439,72.1,242,257.7
DIS-2020-1594,Landslide,2018-10-29 00:00:00,Wayanad,24.7358,83.2154,24.5,26,107.1
DIS-2021-1595,Earthquake,2021-11-14 00:00:00,Puri,18.8067,79.0645,54.0,83,102.58
DIS-2022-1596,Flood,2024-08-17 00:00:00,Patna,27.3286,83.3176,61.9,156,161.57
DIS-2023-1597,Cyclone,2024-07-24 00:00:00,Dehradun,11.3546,69.805,18.7,92,98.05
DIS-2024-1598,Tsunami,2022-03-10 00:00:00,Shimla,13.219,72.8917,41.9,31,280.78
DIS-2025-1599,Landslide,2018-07-08 00:00:00,Kutch,23.349,76.2087,24.8,119,49.93
DIS-2018-1600,Earthquake,2020-12-01 00:00:00,Mumbai,25.3101,86.1228,33.3,29,202.4
DIS-2019-1601,Flood,2023-06-26 00:00:00,Chennai,13.2362,87.1514,30.8,55,144.96
DIS-2020-1602,Cyclone,2021-09-27 00:00:00,Guwahati,8.9279,79.8859,27.3,23,97.0
DIS-2021-1603,Tsunami,2022-03-02 00:00:00,Kolkata,10.6549,73.2788,64.4,33,394.84
DIS-2022-1604,Landslide,2020-06-17 00:00:00,Wayanad,26.5934,84.1225,39.2,173,130.94
DIS-2023-1605,Earthquake,2019-04-28 00:00:00,Puri,22.744,80.6776,46.4,60,32.71
DIS-2024-1606,Flood,2018-06-09 00:00:00,Patna,30.0776,80.7299,47.9,154,353.64
DIS-2025-1607,Cyclone,2018-08-13 00:00:00,Dehradun,12.2886,75.0933,96.0,165,392.27
DIS-2018-1608,Tsunami,2023-01-08 00:00:00,Shimla,11.2579,84.9718,20.8,32,143.82
DIS-2019-1609,Landslide,2022-06-20 00:00:00,Kutch,31.6657,74.1044,81.9,254,292.13
DIS-2020-1610,Earthquake,2022-08-03 00:00:00,Mumbai,30.4178,80.8338,72.6,65,139.02
DIS-2021-1611,Flood,2021-12-17 00:00:00,Chennai,10.5756,71.3513,57.5,128,452.05
DIS-2022-1612,Cyclone,2024-08-19 00:00:00,Guwahati,11.7609,80.9795,23.2,65,174.0
DIS-2023-1613,Tsunami,2022-01-21 00:00:00,Kolkata,12.7074,91.7636,39.7,35,76.1
DIS-2024-1614,Landslide,2024-07-06 00:00:00,Wayanad,22.8342,69.6182,53.6,258,143.25
DIS-2025-1615,Earthquake,2019-05-27 00:00:00,Puri,31.6046,72.9302,23.5,58,74.47
DIS-2018-1616,Flood,2024-07-24 00:00:00,Patna,16.2209,68.5244,44.9,40,214.18
DIS-2019-1617,Cyclone,2021-08-05 00:00:00,Dehradun,29.4135,84.8008,27.3,136,79.43
DIS-2020-1618,Tsunami,2020-09-24 00:00:00,Shimla,18.2865,87.4191,22.4,104,3.65
DIS-2021-1619,Landslide,2024-04-21 00:00:00,Kutch,30.1253,69.3053,37.1,111,189.8
DIS-2022-1620,Earthquake,2020-09-18 00:00:00,Mumbai,20.462,87.675,88.1,50,433.06
DIS-2023-1621,Flood,2022-03-24 00:00:00,Chennai,24.3617,80.133,72.6,45,65.85
DIS-2024-1622,Cyclone,2022-04-15 00:00:00,Guwahati,29.6548,83.1245,36.8,115,121.98
DIS-2025-1623,Tsunami,2022-05-01 00:00:00,Kolkata,18.5918,69.4556,26.5,81,88.48
DIS-2018-1624,Landslide,2023-02-16 00:00:00,Wayanad,28.1236,72.4442,61.1,226,467.28
DIS-2019-1625,Earthquake,2022-05-15 00:00:00,Puri,29.7635,86.945,74.1,181,537.93
DIS-2020-1626,Flood,2023-01-23 00:00:00,Patna,30.3369,89.4899,26.5,42,54.23
DIS-2021-1627,Cyclone,2024-01-17 00:00:00,Dehradun,22.4434,71.1392,63.4,151,363.93
DIS-2022-1628,Tsunami,2024-09-02 00:00:00,Shimla,27.0222,79.8584,86.1,169,468.49
DIS-2023-1629,Landslide,2018-04-27 00:00:00,Kutch,20.6965,77.1706,52.4,73,152.29
DIS-2024-1630,Earthquake,2019-04-10 00:00:00,Mumbai,11.6951,84.5773,94.7,339,652.53
DIS-2025-1631,Flood,2021-05-24 00:00:00,Chennai,30.6235,81.0409,27.5,92,198.02
DIS-2018-1632,Cyclone,2018-05-12 00:00:00,Guwahati,26.8151,86.742,92.0,41,452.15
DIS-2019-1633,Tsunami,2022-12-07 00:00:00,Kolkata,10.9921,69.8832,52.2,24,32.91
DIS-2020-1634,Landslide,2023-07-18 00:00:00,Wayanad,25.5449,80.028,45.6,195,268.54
DIS-2021-1635,Earthquake,2023-12-23 00:00:00,Puri,22.7632,88.827,28.6,55,147.8
DIS-2022-1636,Flood,2022-05-28 00:00:00,Patna,14.5093,87.0759,34.0,103,229.19
DIS-2023-1637,Cyclone,2023-01-02 00:00:00,Dehradun,8.71,76.7106,82.7,324,222.08
DIS-2024-1638,Tsunami,2019-07-24 00:00:00,Shimla,23.7967,70.9798,57.1,78,338.53
DIS-2025-1639,Landslide,2024-01-20 00:00:00,Kutch,18.92,91.6703,63.1,26,186.57
DIS-2018-1640,Earthquake,2023-10-16 00:00:00,Mumbai,26.1556,76.8539,74.4,311,146.62
DIS-2019-1641,Flood,2021-06-11 00:00:00,Chennai,13.3055,82.6133,82.9,387,615.65
DIS-2020-1642,Cyclone,2023-07-21 00:00:00,Guwahati,12.8129,74.3308,73.1,209,373.49
DIS-2021-1643,Tsunami,2020-08-26 00:00:00,Kolkata,28.976,85.9113,56.2,183,207.94
DIS-2022-1644,Landslide,2020-03-24 00:00:00,Wayanad,18.9867,68.3913,29.4,121,67.68
DIS-2023-1645,Earthquake,2023-09-23 00:00:00,Puri,20.5434,76.2791,23.7,9,166.6
DIS-2024-1646,Flood,2019-12-12 00:00:00,Patna,8.284,69.4717,81.8,110,375.16
DIS-2025-1647,Cyclone,2023-04-18 00:00:00,Dehradun,28.043,72.6205,73.9,40,241.24
DIS-2018-1648,Tsunami,2022-12-20 00:00:00,Shimla,9.0339,72.7814,90.3,389,135.87
DIS-2019-1649,Landslide,2019-12-18 00:00:00,Kutch,28.6828,80.9125,87.9,339,481.47
DIS-2020-1650,Earthquake,2021-12-30 00:00:00,Mumbai,21.0304,87.4541,68.8,202,315.8
DIS-2021-1651,Flood,2019-11-29 00:00:00,Chennai,24.3788,70.0495,67.0,165,140.52
DIS-2022-1652,Cyclone,2018-11-04 00:00:00,Guwahati,16.4258,89.242,94.3,89,644.82
DIS-2023-1653,Tsunami,2022-10-19 00:00:00,Kolkata,24.8612,86.5761,38.4,10,270.23
DIS-2024-1654,Landslide,2023-11-20 00:00:00,Wayanad,27.4181,81.6277,97.9,393,506.12
DIS-2025-1655,Earthquake,2024-05-02 00:00:00,Puri,28.9934,86.8361,24.3,51,183.39
DIS-2018-1656,Flood,2023-05-19 00:00:00,Patna,16.2075,71.6669,63.3,43,76.6
DIS-2019-1657,Cyclone,2021-02-13 00:00:00,Dehradun,25.6278,88.7592,59.5,112,167.13
DIS-2020-1658,Tsunami,2022-08-19 00:00:00,Shimla,15.8403,73.8298,65.5,56,416.79
DIS-2021-1659,Landslide,2018-04-02 00:00:00,Kutch,18.4598,71.166,43.2,185,223.33
DIS-2022-1660,Earthquake,2022-08-24 00:00:00,Mumbai,12.2248,71.8089,49.2,52,191.34
DIS-2023-1661,Flood,2021-11-16 00:00:00,Chennai,23.7942,78.385,71.4,209,459.74
DIS-2024-1662,Cyclone,2023-07-23 00:00:00,Guwahati,23.1047,86.9113,72.8,32,526.84
DIS-2025-1663,Tsunami,2024-10-15 00:00:00,Kolkata,30.6957,85.4464,75.1,210,596.2
DIS-2018-1664,Landslide,2024-02-07 00:00:00,Wayanad,28.5474,75.3055,40.0,71,233.06
DIS-2019-1665,Earthquake,2024-07-14 00:00:00,Puri,22.6881,70.8747,28.6,53,137.36
DIS-2020-1666,Flood,2021-01-23 00:00:00,Patna,12.0954,75.473,16.7,76,35.78
DIS-2021-1667,Cyclone,2022-11-15 00:00:00,Dehradun,10.4654,78.5385,66.0,321,380.61
DIS-2022-1668,Tsunami,2023-09-04 00:00:00,Shimla,28.017,68.3152,44.4,25,203.44
DIS-2023-1669,Landslide,2018-07-01 00:00:00,Kutch,18.2977,68.4228,34.6,127,236.57
DIS-2024-1670,Earthquake,2022-06-02 00:00:00,Mumbai,12.1712,73.3413,55.5,135,177.48
DIS-2025-1671,Flood,2023-07-13 00:00:00,Chennai,25.3729,89.8307,17.1,51,125.66
DIS-2018-1672,Cyclone,2018-01-02 00:00:00,Guwahati,14.1227,81.2729,29.6,43,55.89
DIS-2019-1673,Tsunami,2018-07-21 00:00:00,Kolkata,30.9798,79.0071,32.3,31,174.55
DIS-2020-1674,Landslide,2020-04-25 00:00:00,Wayanad,27.4138,89.7938,82.5,123,403.83
DIS-2021-1675,Earthquake,2020-08-21 00:00:00,Puri,10.9541,79.3183,67.1,276,148.49
DIS-2022-1676,Flood,2024-03-12 00:00:00,Patna,20.3262,83.8882,60.8,45,349.16
DIS-2023-1677,Cyclone,2023-04-09 00:00:00,Dehradun,13.2263,72.239,44.7,89,266.94
DIS-2024-1678,Tsunami,2023-04-15 00:00:00,Shimla,18.9509,68.6866,91.3,120,47.83
DIS-2025-1679,Landslide,2024-05-21 00:00:00,Kutch,18.3021,86.9169,74.4,18,575.46
DIS-2018-1680,Earthquake,2018-09-17 00:00:00,Mumbai,16.1939,91.7695,36.0,115,253.36
DIS-2019-1681,Flood,2019-04-22 00:00:00,Chennai,23.0974,73.4651,53.9,34,429.74
DIS-2020-1682,Cyclone,2024-02-06 00:00:00,Guwahati,21.2367,84.8115,48.8,230,250.86
DIS-2021-1683,Tsunami,2019-06-15 00:00:00,Kolkata,28.5012,91.9591,30.2,15,22.5
DIS-2022-1684,Landslide,2021-06-30 00:00:00,Wayanad,15.1639,80.3405,48.7,102,188.24
DIS-2023-1685,Earthquake,2024-06-23 00:00:00,Puri,10.4699,68.1874,19.6,26,42.55
DIS-2024-1686,Flood,2021-02-17 00:00:00,Patna,19.7877,78.0617,39.2,156,289.3
DIS-2025-1687,Cyclone,2019-02-20 00:00:00,Dehradun,10.8577,71.9154,42.7,116,267.67
DIS-2018-1688,Tsunami,2018-08-04 00:00:00,Shimla,26.4539,76.5013,72.6,199,547.42
DIS-2019-1689,Landslide,2018-02-11 00:00:00,Kutch,21.7428,90.172,47.6,127,149.59
DIS-2020-1690,Earthquake,2021-01-03 00:00:00,Mumbai,9.3682,77.1388,90.0,56,248.51
DIS-2021-1691,Flood,2018-09-14 00:00:00,Chennai,17.5444,89.833,94.3,228,135.03
DIS-2022-1692,Cyclone,2021-03-17 00:00:00,Guwahati,8.4453,82.6355,91.4,110,276.47
DIS-2023-1693,Tsunami,2023-10-05 00:00:00,Kolkata,27.4098,74.4622,88.2,47,602.43
DIS-2024-1694,Landslide,2022-03-07 00:00:00,Wayanad,26.5965,74.3296,41.9,138,24.45
DIS-2025-1695,Earthquake,2019-01-16 00:00:00,Puri,19.7456,71.213,83.0,244,93.47
DIS-2018-1696,Flood,2021-01-12 00:00:00,Patna,28.1764,86.887,69.5,335,489.58
DIS-2019-1697,Cyclone,2024-01-23 00:00:00,Dehradun,23.4663,76.9232,66.3,254,472.47
DIS-2020-1698,Tsunami,2024-08-09 00:00:00,Shimla,25.201,87.3338,97.3,267,61.75
DIS-2021-1699,Landslide,2021-11-04 00:00:00,Kutch,16.8396,89.2379,77.7,58,202.99
DIS-2022-1700,Earthquake,2023-06-07 00:00:00,Mumbai,8.7479,74.5118,33.1,92,211.66
DIS-2023-1701,Flood,2020-08-27 00:00:00,Chennai,28.2183,77.6295,50.7,21,261.9
DIS-2024-1702,Cyclone,2021-12-01 00:00:00,Guwahati,9.5465,85.6119,59.7,56,327.69
DIS-2025-1703,Tsunami,2024-01-09 00:00:00,Kolkata,26.0365,72.3467,18.7,62,21.89
DIS-2018-1704,Landslide,2021-08-04 00:00:00,Wayanad,19.8541,71.6634,29.1,124,165.81
DIS-2019-1705,Earthquake,2022-03-27 00:00:00,Puri,8.7899,75.1082,87.3,312,520.09
DIS-2020-1706,Flood,2023-06-20 00:00:00,Patna,24.7186,90.4811,34.7,122,228.68
DIS-2021-1707,Cyclone,2022-07-15 00:00:00,Dehradun,23.4966,77.658,54.2,253,148.68
DIS-2022-1708,Tsunami,2020-12-22 00:00:00,Shimla,31.2224,76.5622,26.6,28,142.13
DIS-2023-1709,Landslide,2018-04-04 00:00:00,Kutch,31.7783,87.7629,76.9,338,327.11
DIS-2024-1710,Earthquake,2020-08-19 00:00:00,Mumbai,29.343,75.9159,20.2,28,45.56
DIS-2025-1711,Flood,2023-06-29 00:00:00,Chennai,31.478,84.183,92.3,391,527.58
DIS-2018-1712,Cyclone,2020-08-10 00:00:00,Guwahati,20.1867,83.0208,73.1,222,28.06
DIS-2019-1713,Tsunami,2018-04-20 00:00:00,Kolkata,19.588,88.6334,55.9,188,247.2
DIS-2020-1714,Landslide,2024-02-16 00:00:00,Wayanad,29.1596,78.7742,20.1,92,15.49
DIS-2021-1715,Earthquake,2020-10-11 00:00:00,Puri,15.9964,90.6833,81.8,74,531.39
DIS-2022-1716,Flood,2020-01-14 00:00:00,Patna,27.757,85.0089,25.9,12,45.44
DIS-2023-1717,Cyclone,2022-09-28 00:00:00,Dehradun,21.3747,84.4257,26.4,118,183.92
DIS-2024-1718,Tsunami,2022-10-15 00:00:00,Shimla,31.9498,82.0444,77.3,263,404.5
DIS-2025-1719,Landslide,2024-05-06 00:00:00,Kutch,29.629,87.939,92.9,420,103.79
DIS-2018-1720,Earthquake,2023-02-16 00:00:00,Mumbai,14.3671,90.0631,93.5,186,218.23
DIS-2019-1721,Flood,2021-10-06 00:00:00,Chennai,19.97,90.4287,27.4,64,86.68
DIS-2020-1722,Cyclone,2023-11-03 00:00:00,Guwahati,13.7547,76.9382,24.2,71,26.85
DIS-2021-1723,Tsunami,2023-01-19 00:00:00,Kolkata,16.4673,81.1289,59.2,282,134.71
DIS-2022-1724,Landslide,2024-08-11 00:00:00,Wayanad,8.3884,69.8347,63.2,175,454.71
DIS-2023-1725,Earthquake,2018-03-28 00:00:00,Puri,27.454,75.7393,57.0,55,233.59
DIS-2024-1726,Flood,2022-09-26 00:00:00,Patna,10.0451,69.1164,58.1,38,200.38
DIS-2025-1727,Cyclone,2018-12-16 00:00:00,Dehradun,29.9634,85.3806,82.7,247,426.4
DIS-2018-1728,Tsunami,2018-10-08 00:00:00,Shimla,8.0206,91.518,48.7,55,239.91
DIS-2019-1729,Landslide,2020-11-24 00:00:00,Kutch,27.4549,82.0614,80.4,174,328.56
DIS-2020-1730,Earthquake,2021-10-19 00:00:00,Mumbai,16.8055,85.9706,87.6,413,690.1
DIS-2021-1731,Flood,2021-08-09 00:00:00,Chennai,10.2795,76.0446,24.5,40,12.7
DIS-2022-1732,Cyclone,2023-10-15 00:00:00,Guwahati,16.9668,85.3152,42.1,36,10.07
DIS-2023-1733,Tsunami,2020-03-31 00:00:00,Kolkata,18.6966,89.788,40.3,91,231.31
DIS-2024-1734,Landslide,2021-03-19 00:00:00,Wayanad,8.3149,75.5788,79.7,303,474.8
DIS-2025-1735,Earthquake,2024-09-17 00:00:00,Puri,8.9615,84.2299,68.2,330,210.37
DIS-2018-1736,Flood,2024-08-11 00:00:00,Patna,22.1562,71.3926,20.5,21,15.39
DIS-2019-1737,Cyclone,2021-04-12 00:00:00,Dehradun,29.1567,89.9667,37.9,21,242.26
DIS-2020-1738,Tsunami,2023-07-04 00:00:00,Shimla,30.0661,69.4266,48.3,35,29.9
DIS-2021-1739,Landslide,2018-11-12 00:00:00,Kutch,26.1346,71.9426,90.9,310,170.95
DIS-2022-1740,Earthquake,2018-03-30 00:00:00,Mumbai,13.7677,81.793,61.5,139,73.42
DIS-2023-1741,Flood,2022-03-10 00:00:00,Chennai,31.2933,71.1099,24.3,81,70.56
DIS-2024-1742,Cyclone,2021-06-04 00:00:00,Guwahati,12.6204,87.6551,45.1,128,284.6
DIS-2025-1743,Tsunami,2018-06-07 00:00:00,Kolkata,14.7837,72.4139,19.5,25,27.67
DIS-2018-1744,Landslide,2020-05-19 00:00:00,Wayanad,8.4705,73.4741,17.0,15,79.58
DIS-2019-1745,Earthquake,2022-08-18 00:00:00,Puri,17.2094,70.246,48.2,122,284.28
DIS-2020-1746,Flood,2022-05-19 00:00:00,Patna,26.5755,86.8322,33.9,136,266.75
DIS-2021-1747,Cyclone,2023-10-10 00:00:00,Dehradun,8.6118,84.5605,36.9,60,52.19
DIS-2022-1748,Tsunami,2023-09-10 00:00:00,Shimla,11.5454,75.5578,64.2,19,55.57
DIS-2023-1749,Landslide,2021-08-27 00:00:00,Kutch,14.9721,83.8329,23.2,11,39.21
DIS-2024-1750,Earthquake,2022-09-23 00:00:00,Mumbai,18.7234,90.9488,75.0,50,93.25
DIS-2025-1751,Flood,2018-07-18 00:00:00,Chennai,15.355,86.3808,40.4,200,139.72
DIS-2018-1752,Cyclone,2021-03-29 00:00:00,Guwahati,12.2226,79.3264,34.5,115,143.61
DIS-2019-1753,Tsunami,2020-10-17 00:00:00,Kolkata,10.1523,83.4256,27.9,74,173.14
DIS-2020-1754,Landslide,2019-07-01 00:00:00,Wayanad,13.2579,69.4633,60.3,112,26.47
DIS-2021-1755,Earthquake,2019-03-06 00:00:00,Puri,25.2674,90.8621,36.9,91,253.43
DIS-2022-1756,Flood,2022-08-13 00:00:00,Patna,21.2474,69.1227,95.9,121,39.98
DIS-2023-1757,Cyclone,2021-12-18 00:00:00,Dehradun,21.2816,71.1871,43.4,182,230.45
DIS-2024-1758,Tsunami,2023-08-02 00:00:00,Shimla,9.422,90.9825,27.3,111,117.39
DIS-2025-1759,Landslide,2018-03-07 00:00:00,Kutch,16.4628,73.826,22.1,57,129.2
DIS-2018-1760,Earthquake,2020-11-06 00:00:00,Mumbai,19.5018,74.8971,45.2,79,43.54
DIS-2019-1761,Flood,2021-09-03 00:00:00,Chennai,18.0077,86.3429,47.8,238,267.2
DIS-2020-1762,Cyclone,2021-12-23 00:00:00,Guwahati,11.8464,73.692,72.5,84,429.44
DIS-2021-1763,Tsunami,2023-11-02 00:00:00,Kolkata,29.3002,73.5356,22.1,76,138.23
DIS-2022-1764,Landslide,2019-06-23 00:00:00,Wayanad,20.0223,76.732,50.9,254,124.9
DIS-2023-1765,Earthquake,2020-12-04 00:00:00,Puri,31.478,72.8727,24.2,86,157.5
DIS-2024-1766,Flood,2023-02-13 00:00:00,Patna,16.2462,90.3394,24.9,40,159.33
DIS-2025-1767,Cyclone,2018-03-24 00:00:00,Dehradun,24.1516,78.469,36.3,141,269.34
DIS-2018-1768,Tsunami,2023-10-12 00:00:00,Shimla,9.5151,83.0662,27.0,18,74.44
DIS-2019-1769,Landslide,2022-04-02 00:00:00,Kutch,19.5579,84.0967,56.1,39,148.69
DIS-2020-1770,Earthquake,2021-01-06 00:00:00,Mumbai,12.0547,90.6007,41.6,176,217.04
DIS-2021-1771,Flood,2019-03-01 00:00:00,Chennai,25.0441,83.264,93.5,155,697.26
DIS-2022-1772,Cyclone,2021-06-21 00:00:00,Guwahati,13.2608,85.5983,58.0,72,446.35
DIS-2023-1773,Tsunami,2019-11-16 00:00:00,Kolkata,20.8247,77.0805,78.2,119,316.27
DIS-2024-1774,Landslide,2018-01-16 00:00:00,Wayanad,15.488,90.1166,59.5,35,24.91
DIS-2025-1775,Earthquake,2024-07-29 00:00:00,Puri,14.2215,75.4192,72.1,17,461.71
DIS-2018-1776,Flood,2020-08-04 00:00:00,Patna,21.7148,91.6664,63.9,185,334.06
DIS-2019-1777,Cyclone,2020-10-19 00:00:00,Dehradun,15.3738,76.9269,21.8,55,168.74
DIS-2020-1778,Tsunami,2021-08-02 00:00:00,Shimla,30.7991,91.6121,86.9,29,125.93
DIS-2021-1779,Landslide,2020-05-26 00:00:00,Kutch,13.062,86.3349,73.7,226,407.12
DIS-2022-1780,Earthquake,2021-05-26 00:00:00,Mumbai,13.2877,77.4587,64.7,42,377.84
DIS-2023-1781,Flood,2024-09-17 00:00:00,Chennai,16.0863,87.0783,28.6,110,170.01
DIS-2024-1782,Cyclone,2023-03-31 00:00:00,Guwahati,8.2335,76.8705,65.4,277,146.14
DIS-2025-1783,Tsunami,2024-02-02 00:00:00,Kolkata,26.3567,72.4023,70.9,258,87.27
DIS-2018-1784,Landslide,2023-09-13 00:00:00,Wayanad,15.8963,78.6087,31.0,29,140.0
DIS-2019-1785,Earthquake,2021-03-25 00:00:00,Puri,23.9291,69.4984,87.3,415,493.61
DIS-2020-1786,Flood,2019-06-16 00:00:00,Patna,30.7787,75.8983,72.6,295,361.17
DIS-2021-1787,Cyclone,2023-02-17 00:00:00,Dehradun,11.2492,76.976,82.3,399,193.66
DIS-2022-1788,Tsunami,2020-09-24 00:00:00,Shimla,11.2734,86.2173,92.2,299,564.93
DIS-2023-1789,Landslide,2023-07-07 00:00:00,Kutch,11.674,91.3633,45.2,110,171.7
DIS-2024-1790,Earthquake,2021-12-06 00:00:00,Mumbai,24.8659,91.8719,69.7,193,261.39
DIS-2025-1791,Flood,2020-12-05 00:00:00,Chennai,12.4375,75.3377,79.2,274,632.11
DIS-2018-1792,Cyclone,2021-06-19 00:00:00,Guwahati,23.9887,74.2964,31.9,67,171.09
DIS-2019-1793,Tsunami,2024-09-26 00:00:00,Kolkata,31.2239,78.2157,31.6,117,104.38
DIS-2020-1794,Landslide,2023-10-27 00:00:00,Wayanad,23.0626,86.4766,60.5,57,326.97
DIS-2021-1795,Earthquake,2024-10-17 00:00:00,Puri,13.6924,80.0038,81.4,370,536.68
DIS-2022-1796,Flood,2018-10-11 00:00:00,Patna,17.0072,85.2152,47.8,101,285.2
DIS-2023-1797,Cyclone,2022-12-30 00:00:00,Dehradun,28.3505,79.0425,64.3,109,464.85
DIS-2024-1798,Tsunami,2021-03-11 00:00:00,Shimla,13.4926,72.5833,58.1,23,455.53
DIS-2025-1799,Landslide,2022-01-01 00:00:00,Kutch,11.4798,77.7084,92.5,89,662.88
DIS-2018-1800,Earthquake,2018-08-10 00:00:00,Mumbai,15.0297,85.5471,79.7,105,352.94
DIS-2019-1801,Flood,2023-04-10 00:00:00,Chennai,24.9763,74.5252,92.9,213,637.13
DIS-2020-1802,Cyclone,2023-08-13 00:00:00,Guwahati,9.2041,89.1671,85.7,53,245.93
DIS-2021-1803,Tsunami,2020-12-16 00:00:00,Kolkata,29.8732,81.36,37.0,128,276.8
DIS-2022-1804,Landslide,2022-10-14 00:00:00,Wayanad,26.7249,83.4523,24.7,21,174.42
DIS-2023-1805,Earthquake,2023-09-22 00:00:00,Puri,25.9909,86.1809,69.1,63,186.89
DIS-2024-1806,Flood,2022-09-13 00:00:00,Patna,11.286,85.3979,28.3,73,134.14
DIS-2025-1807,Cyclone,2019-11-14 00:00:00,Dehradun,23.1304,85.1893,69.5,247,69.4
DIS-2018-1808,Tsunami,2023-10-01 00:00:00,Shimla,27.8976,86.2642,30.5,61,88.51
DIS-2019-1809,Landslide,2019-12-20 00:00:00,Kutch,9.4503,79.1995,97.6,190,621.71
DIS-2020-1810,Earthquake,2020-03-13 00:00:00,Mumbai,25.7102,90.2108,19.9,30,24.68
DIS-2021-1811,Flood,2023-04-21 00:00:00,Chennai,15.9512,82.017,73.4,129,374.23
DIS-2022-1812,Cyclone,2021-11-19 00:00:00,Guwahati,28.0162,72.1067,92.3,427,160.7
DIS-2023-1813,Tsunami,2024-06-14 00:00:00,Kolkata,22.5095,77.6933,79.3,294,66.71
DIS-2024-1814,Landslide,2022-06-24 00:00:00,Wayanad,30.7598,81.0357,40.4,129,144.18
DIS-2025-1815,Earthquake,2021-10-16 00:00:00,Puri,19.6786,91.0293,75.8,305,99.04
DIS-2018-1816,Flood,2024-01-15 00:00:00,Patna,16.7319,70.4103,85.4,309,207.36
DIS-2019-1817,Cyclone,2021-12-09 00:00:00,Dehradun,21.2196,83.058,54.9,230,374.4
DIS-2020-1818,Tsunami,2020-05-17 00:00:00,Shimla,27.2822,79.714,46.7,214,15.63
DIS-2021-1819,Landslide,2022-05-19 00:00:00,Kutch,16.8327,73.3708,82.7,120,633.19
DIS-2022-1820,Earthquake,2023-05-02 00:00:00,Mumbai,26.6451,86.8897,66.8,21,220.19
DIS-2023-1821,Flood,2022-05-13 00:00:00,Chennai,11.719,81.0055,85.0,180,363.32
DIS-2024-1822,Cyclone,2021-12-13 00:00:00,Guwahati,10.9457,80.9626,65.7,258,453.31
DIS-2025-1823,Tsunami,2019-09-30 00:00:00,Kolkata,29.3414,75.2978,69.8,86,285.91
DIS-2018-1824,Landslide,2019-11-16 00:00:00,Wayanad,31.1843,90.7288,71.7,75,415.94
DIS-2019-1825,Earthquake,2022-03-11 00:00:00,Puri,22.8332,70.1972,24.4,120,12.83
DIS-2020-1826,Flood,2022-05-06 00:00:00,Patna,14.5769,85.7903,91.5,328,504.1
DIS-2021-1827,Cyclone,2018-12-31 00:00:00,Dehradun,20.3725,79.144,48.0,10,215.14
DIS-2022-1828,Tsunami,2020-09-08 00:00:00,Shimla,13.7109,85.8946,52.0,223,225.29
DIS-2023-1829,Landslide,2020-08-14 00:00:00,Kutch,16.0629,86.469,37.0,179,138.42
DIS-2024-1830,Earthquake,2019-02-07 00:00:00,Mumbai,27.7961,84.7927,95.3,111,121.43
DIS-2025-1831,Flood,2022-09-22 00:00:00,Chennai,16.4709,76.0901,78.0,307,469.16
DIS-2018-1832,Cyclone,2024-10-08 00:00:00,Guwahati,21.8795,88.0043,31.2,20,57.06
DIS-2019-1833,Tsunami,2023-05-24 00:00:00,Kolkata,20.0854,88.3408,86.5,202,504.58
DIS-2020-1834,Landslide,2024-08-19 00:00:00,Wayanad,16.0,90.888,20.7,81,78.79
DIS-2021-1835,Earthquake,2018-03-24 00:00:00,Puri,26.1192,90.2458,76.8,351,280.16
DIS-2022-1836,Flood,2018-10-27 00:00:00,Patna,24.3608,79.1724,25.1,71,60.99
DIS-2023-1837,Cyclone,2023-02-17 00:00:00,Dehradun,11.2081,86.5236,33.0,128,36.35
DIS-2024-1838,Tsunami,2019-09-18 00:00:00,Shimla,29.7659,82.1729,76.3,136,540.58
DIS-2025-1839,Landslide,2020-05-12 00:00:00,Kutch,26.905,83.0214,43.1,49,119.6
DIS-2018-1840,Earthquake,2022-07-01 00:00:00,Mumbai,27.0681,86.9594,94.1,159,563.82
DIS-2019-1841,Flood,2022-05-02 00:00:00,Chennai,12.9631,86.7077,81.8,339,111.34
DIS-2020-1842,Cyclone,2023-03-17 00:00:00,Guwahati,16.0122,68.6924,25.3,84,31.34
DIS-2021-1843,Tsunami,2023-10-15 00:00:00,Kolkata,30.4375,91.7384,51.0,226,41.94
DIS-2022-1844,Landslide,2024-01-03 00:00:00,Wayanad,21.0299,70.1314,54.0,190,385.12
DIS-2023-1845,Earthquake,2021-11-22 00:00:00,Puri,28.9786,91.472,57.5,33,91.47
DIS-2024-1846,Flood,2020-09-08 00:00:00,Patna,28.9295,83.0865,75.6,92,30.23
DIS-2025-1847,Cyclone,2023-12-14 00:00:00,Dehradun,19.7249,81.7827,89.5,229,69.38
DIS-2018-1848,Tsunami,2019-01-20 00:00:00,Shimla,14.283,71.0235,33.6,51,121.19
DIS-2019-1849,Landslide,2022-05-28 00:00:00,Kutch,29.5667,84.2557,66.3,277,466.33
DIS-2020-1850,Earthquake,2023-12-19 00:00:00,Mumbai,23.4234,89.3602,59.4,218,161.78
DIS-2021-1851,Flood,2019-03-08 00:00:00,Chennai,24.0589,74.2082,75.4,358,156.25
DIS-2022-1852,Cyclone,2020-01-15 00:00:00,Guwahati,30.5969,90.8937,88.2,21,539.85
DIS-2023-1853,Tsunami,2018-01-08 00:00:00,Kolkata,21.4425,89.6163,17.6,65,95.63
DIS-2024-1854,Landslide,2020-05-11 00:00:00,Wayanad,13.8334,82.2965,80.9,78,631.92
DIS-2025-1855,Earthquake,2022-09-26 00:00:00,Puri,15.5616,78.2942,37.8,34,226.49
DIS-2018-1856,Flood,2022-04-02 00:00:00,Patna,12.476,73.6523,80.8,85,360.29
DIS-2019-1857,Cyclone,2021-04-17 00:00:00,Dehradun,17.6661,72.5609,79.1,353,576.25
DIS-2020-1858,Tsunami,2018-06-20 00:00:00,Shimla,10.5198,91.7776,39.7,8,132.1
DIS-2021-1859,Landslide,2019-08-23 00:00:00,Kutch,23.1154,75.9723,84.4,88,177.63
DIS-2022-1860,Earthquake,2022-06-14 00:00:00,Mumbai,10.4155,74.429,49.1,119,198.08
DIS-2023-1861,Flood,2019-06-24 00:00:00,Chennai,21.0127,75.215,70.4,159,430.45
DIS-2024-1862,Cyclone,2018-03-20 00:00:00,Guwahati,27.7137,84.1244,55.8,143,54.74
DIS-2025-1863,Tsunami,2022-01-26 00:00:00,Kolkata,10.7922,90.766,32.7,87,67.79
DIS-2018-1864,Landslide,2020-01-12 00:00:00,Wayanad,19.1621,81.5289,98.0,346,390.28
DIS-2019-1865,Earthquake,2020-03-29 00:00:00,Puri,16.5077,87.5109,56.1,94,404.62
DIS-2020-1866,Flood,2018-01-13 00:00:00,Patna,21.7888,85.8249,62.6,118,371.96
DIS-2021-1867,Cyclone,2019-11-08 00:00:00,Dehradun,19.8617,68.6875,66.2,14,278.45
DIS-2022-1868,Tsunami,2022-11-01 00:00:00,Shimla,17.4961,75.1147,79.0,304,536.37
DIS-2023-1869,Landslide,2024-06-15 00:00:00,Kutch,29.8107,89.9031,24.5,4,100.48
DIS-2024-1870,Earthquake,2022-07-01 00:00:00,Mumbai,30.1819,72.7785,68.1,203,276.1
DIS-2025-1871,Flood,2019-03-23 00:00:00,Chennai,31.3003,71.1116,89.4,225,375.63
DIS-2018-1872,Cyclone,2022-04-22 00:00:00,Guwahati,11.2272,80.414,19.1,62,23.19
DIS-2019-1873,Tsunami,2022-04-22 00:00:00,Kolkata,23.5919,72.5923,49.2,15,87.28
DIS-2020-1874,Landslide,2023-11-05 00:00:00,Wayanad,20.8729,79.5575,56.6,33,300.86
DIS-2021-1875,Earthquake,2021-06-25 00:00:00,Puri,14.5001,73.8492,36.3,131,83.16
DIS-2022-1876,Flood,2018-09-04 00:00:00,Patna,8.0147,88.769,83.3,145,170.85
DIS-2023-1877,Cyclone,2022-06-11 00:00:00,Dehradun,17.8162,83.8407,33.4,75,28.99
DIS-2024-1878,Tsunami,2018-06-25 00:00:00,Shimla,17.3503,68.3626,89.6,383,51.36
DIS-2025-1879,Landslide,2022-08-02 00:00:00,Kutch,13.459,74.2251,47.1,97,210.38
DIS-2018-1880,Earthquake,2020-04-19 00:00:00,Mumbai,26.6315,70.0352,86.3,318,473.79
DIS-2019-1881,Flood,2020-04-28 00:00:00,Chennai,11.2487,71.4293,77.7,156,55.29
DIS-2020-1882,Cyclone,2020-11-18 00:00:00,Guwahati,8.2904,74.9158,15.8,34,16.74
DIS-2021-1883,Tsunami,2018-02-11 00:00:00,Kolkata,10.5027,89.5145,63.6,313,13.91
DIS-2022-1884,Landslide,2019-12-03 00:00:00,Wayanad,20.198,80.3867,36.8,171,165.0
DIS-2023-1885,Earthquake,2020-07-07 00:00:00,Puri,30.2466,76.012,42.2,18,251.5
DIS-2024-1886,Flood,2022-12-26 00:00:00,Patna,16.718,73.3879,93.7,167,142.78
DIS-2025-1887,Cyclone,2021-12-24 00:00:00,Dehradun,20.2495,80.1215,26.4,125,205.56
DIS-2018-1888,Tsunami,2018-08-09 00:00:00,Shimla,30.8424,68.1839,76.5,371,577.85
DIS-2019-1889,Landslide,2022-01-28 00:00:00,Kutch,19.6076,91.8812,70.9,100,133.18
DIS-2020-1890,Earthquake,2020-10-04 00:00:00,Mumbai,9.4483,70.2541,69.5,23,539.34
DIS-2021-1891,Flood,2021-10-10 00:00:00,Chennai,23.7451,80.3712,37.6,73,212.43
DIS-2022-1892,Cyclone,2023-10-08 00:00:00,Guwahati,24.3817,70.2259,90.5,298,679.09
DIS-2023-1893,Tsunami,2022-11-14 00:00:00,Kolkata,10.5887,70.3822,85.8,85,680.4
DIS-2024-1894,Landslide,2020-04-08 00:00:00,Wayanad,19.1265,77.4748,91.3,327,619.5
DIS-2025-1895,Earthquake,2023-01-15 00:00:00,Puri,13.6519,72.0672,20.7,17,38.44
DIS-2018-1896,Flood,2018-10-27 00:00:00,Patna,21.8512,74.3595,69.9,334,188.92
DIS-2019-1897,Cyclone,2020-07-09 00:00:00,Dehradun,17.7835,86.5075,50.9,93,189.9
DIS-2020-1898,Tsunami,2024-09-09 00:00:00,Shimla,14.888,76.4991,17.4,18,138.54
DIS-2021-1899,Landslide,2019-01-08 00:00:00,Kutch,26.0717,77.8078,83.6,202,190.63
DIS-2022-1900,Earthquake,2022-12-11 00:00:00,Mumbai,12.3212,81.3585,84.9,352,463.43
DIS-2023-1901,Flood,2018-03-09 00:00:00,Chennai,28.1376,85.2677,89.4,208,703.39
DIS-2024-1902,Cyclone,2020-01-03 00:00:00,Guwahati,15.1112,73.7673,68.0,148,512.6
DIS-2025-1903,Tsunami,2023-10-07 00:00:00,Kolkata,20.4025,80.5404,64.8,296,458.61
DIS-2018-1904,Landslide,2020-04-25 00:00:00,Wayanad,31.2992,85.1967,71.7,17,563.21
DIS-2019-1905,Earthquake,2019-03-13 00:00:00,Puri,19.8316,90.5239,60.6,164,348.63
DIS-2020-1906,Flood,2023-01-26 00:00:00,Patna,10.6459,74.4568,94.6,102,467.99
DIS-2021-1907,Cyclone,2023-10-22 00:00:00,Dehradun,9.2507,70.4508,71.0,169,317.7
DIS-2022-1908,Tsunami,2024-05-16 00:00:00,Shimla,10.9368,87.2508,80.1,42,509.25
DIS-2023-1909,Landslide,2024-04-19 00:00:00,Kutch,25.6945,89.6477,34.6,125,129.02
DIS-2024-1910,Earthquake,2020-06-21 00:00:00,Mumbai,24.5274,78.6699,42.9,179,96.4
DIS-2025-1911,Flood,2022-04-07 00:00:00,Chennai,29.6797,91.9687,91.3,340,23.41
DIS-2018-1912,Cyclone,2020-04-30 00:00:00,Guwahati,24.498,78.8133,58.5,217,390.05
DIS-2019-1913,Tsunami,2024-07-30 00:00:00,Kolkata,23.5103,81.5338,46.0,220,172.43
DIS-2020-1914,Landslide,2018-05-06 00:00:00,Wayanad,21.5891,86.0258,20.7,8,72.21
DIS-2021-1915,Earthquake,2019-10-17 00:00:00,Puri,26.2928,90.8764,96.8,353,102.86
DIS-2022-1916,Flood,2024-03-24 00:00:00,Patna,24.6772,78.7888,82.4,67,575.61
DIS-2023-1917,Cyclone,2023-09-22 00:00:00,Dehradun,16.5896,83.0251,28.2,11,83.98
DIS-2024-1918,Tsunami,2020-11-23 00:00:00,Shimla,28.391,86.2637,33.3,87,133.46
DIS-2025-1919,Landslide,2019-03-18 00:00:00,Kutch,12.1987,85.5973,45.0,197,341.99
DIS-2018-1920,Earthquake,2023-03-23 00:00:00,Mumbai,8.7787,91.4072,87.3,75,639.56
DIS-2019-1921,Flood,2019-07-24 00:00:00,Chennai,30.2894,84.4022,16.5,5,112.22
DIS-2020-1922,Cyclone,2020-03-31 00:00:00,Guwahati,30.825,83.891,57.6,275,284.55
DIS-2021-1923,Tsunami,2021-06-30 00:00:00,Kolkata,27.2213,77.7726,41.5,37,121.21
DIS-2022-1924,Landslide,2021-10-27 00:00:00,Wayanad,28.5828,68.9108,27.5,78,151.2
DIS-2023-1925,Earthquake,2023-05-28 00:00:00,Puri,20.5701,84.6232,18.6,22,16.45
DIS-2024-1926,Flood,2019-12-27 00:00:00,Patna,13.6182,72.5915,95.8,39,186.96
DIS-2025-1927,Cyclone,2019-07-19 00:00:00,Dehradun,17.5171,78.7947,91.5,201,245.21
DIS-2018-1928,Tsunami,2023-03-03 00:00:00,Shimla,14.8721,89.167,28.4,83,79.94
DIS-2019-1929,Landslide,2020-11-11 00:00:00,Kutch,18.1167,87.3571,90.0,119,705.76
DIS-2020-1930,Earthquake,2020-11-16 00:00:00,Mumbai,16.7162,72.0576,56.5,52,227.81
DIS-2021-1931,Flood,2024-08-26 00:00:00,Chennai,21.9336,75.9026,84.7,310,675.69
DIS-2022-1932,Cyclone,2023-11-02 00:00:00,Guwahati,14.2252,85.651,60.8,59,436.39
DIS-2023-1933,Tsunami,2019-07-23 00:00:00,Kolkata,22.2909,87.7984,60.3,109,187.78
DIS-2024-1934,Landslide,2024-01-28 00:00:00,Wayanad,31.3504,68.1352,96.8,45,659.97
DIS-2025-1935,Earthquake,2018-10-17 00:00:00,Puri,21.59,71.0852,47.1,153,109.8
DIS-2018-1936,Flood,2019-04-10 00:00:00,Patna,28.7863,76.5871,56.1,34,386.54
DIS-2019-1937,Cyclone,2023-07-15 00:00:00,Dehradun,22.1857,89.6506,72.1,190,371.01
DIS-2020-1938,Tsunami,2024-08-09 00:00:00,Shimla,21.8314,79.6223,85.2,159,417.37
DIS-2021-1939,Landslide,2021-08-28 00:00:00,Kutch,30.8459,77.8052,28.5,85,155.37
DIS-2022-1940,Earthquake,2021-11-21 00:00:00,Mumbai,31.9336,68.733,22.6,24,139.0
DIS-2023-1941,Flood,2021-08-09 00:00:00,Chennai,13.5168,74.9768,91.4,159,72.79
DIS-2024-1942,Cyclone,2020-10-06 00:00:00,Guwahati,9.3957,88.4512,75.6,58,255.39
DIS-2025-1943,Tsunami,2021-06-15 00:00:00,Kolkata,14.522,68.3583,80.4,135,32.85
DIS-2018-1944,Landslide,2022-07-01 00:00:00,Wayanad,25.8217,75.9419,74.9,198,235.21
DIS-2019-1945,Earthquake,2020-05-03 00:00:00,Puri,13.0614,86.0286,27.5,7,198.63
DIS-2020-1946,Flood,2021-12-19 00:00:00,Patna,21.0954,88.8471,88.3,315,232.17
DIS-2021-1947,Cyclone,2021-11-16 00:00:00,Dehradun,15.6764,88.6758,89.9,72,442.44
DIS-2022-1948,Tsunami,2022-07-21 00:00:00,Shimla,31.9018,82.2932,80.2,266,262.19
DIS-2023-1949,Landslide,2020-08-06 00:00:00,Kutch,21.6154,73.5459,68.9,249,430.13
DIS-2024-1950,Earthquake,2023-08-20 00:00:00,Mumbai,14.5164,71.5231,39.2,170,85.22
DIS-2025-1951,Flood,2019-07-25 00:00:00,Chennai,12.1361,68.4324,22.8,63,78.39
DIS-2018-1952,Cyclone,2024-08-27 00:00:00,Guwahati,14.8214,89.6986,30.3,77,129.9
DIS-2019-1953,Tsunami,2020-01-15 00:00:00,Kolkata,11.1399,71.2892,79.1,332,180.74
DIS-2020-1954,Landslide,2021-03-30 00:00:00,Wayanad,19.1856,79.0208,97.6,172,352.15
DIS-2021-1955,Earthquake,2019-01-24 00:00:00,Puri,18.9244,86.5954,51.8,186,367.27
DIS-2022-1956,Flood,2018-06-17 00:00:00,Patna,20.3337,81.9466,28.5,58,45.3
DIS-2023-1957,Cyclone,2021-05-28 00:00:00,Dehradun,13.3472,87.2641,89.2,131,279.53
DIS-2024-1958,Tsunami,2020-06-13 00:00:00,Shimla,22.9582,78.5608,47.6,64,34.43
DIS-2025-1959,Landslide,2018-02-09 00:00:00,Kutch,8.5859,74.0302,22.6,88,130.15
DIS-2018-1960,Earthquake,2019-05-12 00:00:00,Mumbai,22.6623,88.46,38.4,171,89.27
DIS-2019-1961,Flood,2018-11-15 00:00:00,Chennai,16.3551,82.9268,95.2,82,265.89
DIS-2020-1962,Cyclone,2022-02-19 00:00:00,Guwahati,15.6632,69.7923,27.6,133,173.42
DIS-2021-1963,Tsunami,2021-12-30 00:00:00,Kolkata,15.1671,83.3931,70.8,352,137.02
DIS-2022-1964,Landslide,2023-05-01 00:00:00,Wayanad,14.7097,91.3243,29.8,120,104.87
DIS-2023-1965,Earthquake,2022-10-20 00:00:00,Puri,21.4564,89.9053,62.3,170,82.47
DIS-2024-1966,Flood,2022-05-14 00:00:00,Patna,22.7005,91.9819,69.2,223,217.61
DIS-2025-1967,Cyclone,2018-11-08 00:00:00,Dehradun,16.5824,68.024,81.8,295,211.42
DIS-2018-1968,Tsunami,2020-09-16 00:00:00,Shimla,10.8657,75.4437,51.0,154,279.54
DIS-2019-1969,Landslide,2020-06-08 00:00:00,Kutch,24.3777,88.286,15.8,71,87.12
DIS-2020-1970,Earthquake,2018-08-20 00:00:00,Mumbai,17.9238,76.6773,76.2,241,319.66
DIS-2021-1971,Flood,2020-07-28 00:00:00,Chennai,26.2704,86.5432,94.7,116,266.86
DIS-2022-1972,Cyclone,2018-10-22 00:00:00,Guwahati,28.9899,69.2026,57.5,89,105.26
DIS-2023-1973,Tsunami,2019-01-14 00:00:00,Kolkata,30.2272,81.721,23.7,17,72.62
DIS-2024-1974,Landslide,2019-06-07 00:00:00,Wayanad,9.2799,71.2047,34.2,104,6.32
DIS-2025-1975,Earthquake,2021-07-16 00:00:00,Puri,29.1151,78.672,92.3,213,490.53
DIS-2018-1976,Flood,2024-02-03 00:00:00,Patna,31.4843,90.8434,47.8,36,60.24
DIS-2019-1977,Cyclone,2021-01-26 00:00:00,Dehradun,12.4582,75.8769,89.0,327,67.08
DIS-2020-1978,Tsunami,2019-10-03 00:00:00,Shimla,22.1864,79.5654,96.2,152,529.05
DIS-2021-1979,Landslide,2019-12-15 00:00:00,Kutch,23.9793,74.5383,34.5,125,137.02
DIS-2022-1980,Earthquake,2022-08-22 00:00:00,Mumbai,26.0257,80.3671,22.2,93,160.68
DIS-2023-1981,Flood,2023-02-07 00:00:00,Chennai,21.7278,86.086,77.4,348,351.03
DIS-2024-1982,Cyclone,2022-11-04 00:00:00,Guwahati,20.908,74.3541,84.3,191,492.09
DIS-2025-1983,Tsunami,2024-06-06 00:00:00,Kolkata,24.6415,72.9076,19.9,67,81.56
DIS-2018-1984,Landslide,2023-02-03 00:00:00,Wayanad,14.0176,84.1488,96.5,338,465.73
DIS-2019-1985,Earthquake,2021-08-26 00:00:00,Puri,9.2715,69.8813,16.7,63,24.46
DIS-2020-1986,Flood,2018-06-18 00:00:00,Patna,22.5405,74.9319,81.2,79,301.29
DIS-2021-1987,Cyclone,2018-01-28 00:00:00,Dehradun,27.2163,74.9925,57.5,91,89.31
DIS-2022-1988,Tsunami,2022-11-01 00:00:00,Shimla,24.181,84.4697,69.2,47,505.04
DIS-2023-1989,Landslide,2022-10-25 00:00:00,Kutch,20.1855,77.7673,63.9,97,501.42
DIS-2024-1990,Earthquake,2020-11-13 00:00:00,Mumbai,28.8988,75.6002,40.3,110,157.95
DIS-2025-1991,Flood,2021-10-25 00:00:00,Chennai,24.5475,90.8372,24.3,98,85.03
DIS-2018-1992,Cyclone,2021-12-07 00:00:00,Guwahati,24.8226,78.3484,47.6,131,262.22
DIS-2019-1993,Tsunami,2023-09-27 00:00:00,Kolkata,18.7698,88.7126,87.2,361,259.38
DIS-2020-1994,Landslide,2022-08-29 00:00:00,Wayanad,16.9599,86.7003,55.6,179,214.83
DIS-2021-1995,Earthquake,2018-04-28 00:00:00,Puri,10.9972,72.0919,85.7,73,204.97
DIS-2022-1996,Flood,2022-05-21 00:00:00,Patna,15.9514,68.079,18.9,5,144.27
DIS-2023-1997,Cyclone,2018-04-22 00:00:00,Dehradun,28.2756,74.2531,66.2,43,269.69
DIS-2024-1998,Tsunami,2022-08-18 00:00:00,Shimla,18.9498,77.8449,84.4,414,638.2
DIS-2025-1999,Landslide,2023-05-04 00:00:00,Kutch,12.0786,91.3277,93.5,110,486.86
DIS-2018-2000,Earthquake,2023-08-24 00:00:00,Mumbai,24.4901,74.1249,64.8,192,163.31
DIS-2019-2001,Flood,2022-01-04 00:00:00,Chennai,24.0038,80.9595,47.6,99,179.34
DIS-2020-2002,Cyclone,2021-08-15 00:00:00,Guwahati,9.8292,81.2759,42.3,87,157.1
DIS-2021-2003,Tsunami,2018-05-05 00:00:00,Kolkata,31.749,85.992,50.7,210,372.06
DIS-2022-2004,Landslide,2023-02-05 00:00:00,Wayanad,12.9842,80.9432,38.1,82,263.88
DIS-2023-2005,Earthquake,2018-05-22 00:00:00,Puri,15.8937,91.1465,29.3,71,187.51
DIS-2024-2006,Flood,2022-11-08 00:00:00,Patna,25.5578,72.1872,34.6,55,118.9
DIS-2025-2007,Cyclone,2018-01-13 00:00:00,Dehradun,19.6783,82.2619,35.8,71,155.32
DIS-2018-2008,Tsunami,2023-11-05 00:00:00,Shimla,18.8805,89.3503,72.8,42,494.9
DIS-2019-2009,Landslide,2019-03-26 00:00:00,Kutch,9.9369,91.6031,44.7,20,208.98
DIS-2020-2010,Earthquake,2018-11-14 00:00:00,Mumbai,31.6038,78.0225,32.6,108,84.43
DIS-2021-2011,Flood,2022-10-05 00:00:00,Chennai,25.1545,91.4027,89.4,168,316.49
DIS-2022-2012,Cyclone,2018-03-07 00:00:00,Guwahati,8.0951,79.81,36.2,70,255.23
DIS-2023-2013,Tsunami,2022-08-22 00:00:00,Kolkata,30.2466,68.5864,97.0,261,308.2
DIS-2024-2014,Landslide,2020-11-21 00:00:00,Wayanad,20.4444,75.791,66.7,196,113.15
DIS-2025-2015,Earthquake,2024-10-19 00:00:00,Puri,24.5378,72.4851,61.3,276,224.14
DIS-2018-2016,Flood,2024-10-05 00:00:00,Patna,26.608,72.0207,28.0,13,137.04
DIS-2019-2017,Cyclone,2020-11-16 00:00:00,Dehradun,27.3998,85.9762,31.8,35,58.2
DIS-2020-2018,Tsunami,2023-12-05 00:00:00,Shimla,9.6154,85.928,57.1,222,288.5
DIS-2021-2019,Landslide,2023-10-18 00:00:00,Kutch,8.4346,82.6008,55.8,31,312.37
DIS-2022-2020,Earthquake,2020-07-19 00:00:00,Mumbai,18.4941,73.9836,71.1,307,147.88
DIS-2023-2021,Flood,2019-02-21 00:00:00,Chennai,16.6749,83.1834,15.1,52,47.78
DIS-2024-2022,Cyclone,2019-03-28 00:00:00,Guwahati,23.8502,90.4777,30.6,105,202.89
DIS-2025-2023,Tsunami,2020-11-26 00:00:00,Kolkata,14.5067,81.051,95.6,125,46.35
DIS-2018-2024,Landslide,2021-07-06 00:00:00,Wayanad,14.9817,77.5793,66.9,125,256.94
DIS-2019-2025,Earthquake,2024-06-20 00:00:00,Puri,26.8512,73.4079,33.0,31,21.81
DIS-2020-2026,Flood,2020-02-04 00:00:00,Patna,8.2371,75.3439,47.6,24,204.01
DIS-2021-2027,Cyclone,2020-02-19 00:00:00,Dehradun,14.5597,87.1049,15.7,57,92.56
DIS-2022-2028,Tsunami,2024-10-09 00:00:00,Shimla,30.4055,73.0177,97.5,348,98.29
DIS-2023-2029,Landslide,2023-09-26 00:00:00,Kutch,10.0327,88.18,50.4,215,252.47
DIS-2024-2030,Earthquake,2024-10-03 00:00:00,Mumbai,12.3058,73.0643,15.5,30,61.97
DIS-2025-2031,Flood,2022-10-09 00:00:00,Chennai,9.5114,90.715,78.5,80,382.3
DIS-2018-2032,Cyclone,2018-12-29 00:00:00,Guwahati,20.7134,91.5793,77.1,349,36.48
DIS-2019-2033,Tsunami,2023-08-24 00:00:00,Kolkata,23.8578,69.036,81.5,61,487.61
DIS-2020-2034,Landslide,2024-09-25 00:00:00,Wayanad,14.4928,83.0871,91.1,283,378.85
DIS-2021-2035,Earthquake,2024-06-11 00:00:00,Puri,11.4765,85.7425,81.7,142,464.21
DIS-2022-2036,Flood,2021-12-05 00:00:00,Patna,28.8858,86.8346,59.0,37,126.79
DIS-2023-2037,Cyclone,2023-05-10 00:00:00,Dehradun,10.0635,74.5672,22.7,28,158.55
DIS-2024-2038,Tsunami,2024-05-18 00:00:00,Shimla,29.6512,76.1353,44.4,20,327.21
DIS-2025-2039,Landslide,2021-01-08 00:00:00,Kutch,17.7189,82.1851,88.5,403,673.16
DIS-2018-2040,Earthquake,2022-01-29 00:00:00,Mumbai,14.4597,86.1008,34.8,52,225.67
DIS-2019-2041,Flood,2019-09-06 00:00:00,Chennai,29.6164,84.4193,23.7,23,19.59
DIS-2020-2042,Cyclone,2021-11-01 00:00:00,Guwahati,21.8092,91.4744,83.3,128,115.64
DIS-2021-2043,Tsunami,2018-03-24 00:00:00,Kolkata,19.5699,79.124,58.3,208,68.15
DIS-2022-2044,Landslide,2022-03-16 00:00:00,Wayanad,22.3482,87.1749,64.4,272,507.78
DIS-2023-2045,Earthquake,2018-10-05 00:00:00,Puri,12.3515,84.5923,21.7,98,30.23
DIS-2024-2046,Flood,2021-03-02 00:00:00,Patna,10.0716,85.7173,37.7,174,111.69
DIS-2025-2047,Cyclone,2021-05-27 00:00:00,Dehradun,15.3607,88.5911,65.2,144,484.63
DIS-2018-2048,Tsunami,2021-05-17 00:00:00,Shimla,29.6289,69.6826,37.3,166,141.5
DIS-2019-2049,Landslide,2023-12-25 00:00:00,Kutch,28.3931,75.8523,43.2,159,327.94
DIS-2020-2050,Earthquake,2018-05-21 00:00:00,Mumbai,18.1907,76.2216,71.8,276,57.96
DIS-2021-2051,Flood,2019-01-01 00:00:00,Chennai,19.8239,89.6249,87.8,204,128.27
DIS-2022-2052,Cyclone,2019-11-03 00:00:00,Guwahati,25.52,72.4283,43.8,30,182.61
DIS-2023-2053,Tsunami,2022-01-08 00:00:00,Kolkata,26.5322,83.3067,67.4,86,358.97
DIS-2024-2054,Landslide,2020-12-22 00:00:00,Wayanad,17.4107,69.6741,31.8,143,189.54
DIS-2025-2055,Earthquake,2020-04-11 00:00:00,Puri,31.3324,82.3777,35.1,122,268.88
DIS-2018-2056,Flood,2021-06-10 00:00:00,Patna,28.7324,76.1712,24.4,7,44.62
DIS-2019-2057,Cyclone,2021-11-10 00:00:00,Dehradun,10.5793,86.8507,24.3,70,26.47
DIS-2020-2058,Tsunami,2020-05-11 00:00:00,Shimla,26.137,85.0888,33.0,86,19.15
DIS-2021-2059,Landslide,2018-11-02 00:00:00,Kutch,14.6757,91.9876,23.3,38,50.32
DIS-2022-2060,Earthquake,2022-10-01 00:00:00,Mumbai,29.379,75.3159,69.1,267,319.42
DIS-2023-2061,Flood,2019-06-27 00:00:00,Chennai,18.2108,85.8579,95.2,432,741.42
DIS-2024-2062,Cyclone,2021-04-13 00:00:00,Guwahati,26.6352,72.6783,73.9,288,544.43
DIS-2025-2063,Tsunami,2021-05-01 00:00:00,Kolkata,18.2442,75.0419,68.1,48,308.81
DIS-2018-2064,Landslide,2019-01-22 00:00:00,Wayanad,23.8646,89.1564,20.8,53,29.23
DIS-2019-2065,Earthquake,2023-04-26 00:00:00,Puri,17.9525,86.8711,49.3,151,380.9
DIS-2020-2066,Flood,2019-06-10 00:00:00,Patna,27.0378,75.9897,54.2,14,129.47
DIS-2021-2067,Cyclone,2022-06-08 00:00:00,Dehradun,16.8658,81.5448,93.4,202,475.44
DIS-2022-2068,Tsunami,2022-05-12 00:00:00,Shimla,21.8467,78.1175,64.6,280,17.86
DIS-2023-2069,Landslide,2018-08-21 00:00:00,Kutch,26.7712,83.2615,56.1,179,63.77
DIS-2024-2070,Earthquake,2021-07-30 00:00:00,Mumbai,29.1763,87.8852,69.1,113,71.55
DIS-2025-2071,Flood,2024-05-07 00:00:00,Chennai,25.5548,91.4863,24.7,12,153.99
DIS-2018-2072,Cyclone,2022-04-11 00:00:00,Guwahati,30.769,79.9759,49.0,236,220.02
DIS-2019-2073,Tsunami,2019-04-20 00:00:00,Kolkata,22.5589,72.4573,72.7,229,548.36
DIS-2020-2074,Landslide,2020-05-18 00:00:00,Wayanad,30.827,87.9476,30.9,52,18.49
DIS-2021-2075,Earthquake,2023-11-05 00:00:00,Puri,9.7949,74.0422,29.8,91,209.56
DIS-2022-2076,Flood,2019-04-07 00:00:00,Patna,31.9813,88.3932,69.5,214,514.72
DIS-2023-2077,Cyclone,2024-01-10 00:00:00,Dehradun,13.4846,79.8493,88.4,121,278.95
DIS-2024-2078,Tsunami,2019-01-30 00:00:00,Shimla,31.3586,88.6924,16.3,32,91.18
DIS-2025-2079,Landslide,2023-07-24 00:00:00,Kutch,25.1042,89.8804,88.5,184,376.28
DIS-2018-2080,Earthquake,2022-08-01 00:00:00,Mumbai,21.3123,77.5122,53.5,264,35.79
DIS-2019-2081,Flood,2022-07-24 00:00:00,Chennai,9.0898,71.5902,46.9,14,121.69
DIS-2020-2082,Cyclone,2018-05-15 00:00:00,Guwahati,12.4327,90.3569,70.6,315,211.77
DIS-2021-2083,Tsunami,2022-09-05 00:00:00,Kolkata,28.62,75.4206,59.1,220,253.41
DIS-2022-2084,Landslide,2022-01-18 00:00:00,Wayanad,8.6216,79.5502,33.7,137,145.44
DIS-2023-2085,Earthquake,2021-03-16 00:00:00,Puri,10.5312,87.1304,94.1,195,371.82
DIS-2024-2086,Flood,2020-02-22 00:00:00,Patna,11.5153,88.825,38.6,132,186.23
DIS-2025-2087,Cyclone,2021-01-31 00:00:00,Dehradun,12.6114,73.2969,18.9,42,63.69
DIS-2018-2088,Tsunami,2023-03-09 00:00:00,Shimla,26.6788,74.7757,30.1,119,235.16
DIS-2019-2089,Landslide,2019-08-05 00:00:00,Kutch,13.7562,88.6962,66.6,300,216.7
DIS-2020-2090,Earthquake,2023-02-08 00:00:00,Mumbai,23.6733,72.4548,83.4,413,494.61
DIS-2021-2091,Flood,2024-01-04 00:00:00,Chennai,15.8563,87.8529,78.8,132,489.44
DIS-2022-2092,Cyclone,2024-03-01 00:00:00,Guwahati,29.0843,82.9765,92.0,144,585.45
DIS-2023-2093,Tsunami,2022-01-08 00:00:00,Kolkata,30.5057,86.6993,65.3,104,280.25
DIS-2024-2094,Landslide,2019-06-24 00:00:00,Wayanad,10.9147,68.0826,91.1,185,602.24
DIS-2025-2095,Earthquake,2023-05-12 00:00:00,Puri,15.9996,78.5632,66.1,314,306.14
DIS-2018-2096,Flood,2021-03-08 00:00:00,Patna,20.1877,88.1455,86.9,404,53.13
DIS-2019-2097,Cyclone,2022-02-22 00:00:00,Dehradun,10.7174,82.3229,44.4,27,85.18
DIS-2020-2098,Tsunami,2020-04-09 00:00:00,Shimla,26.3896,83.8754,28.8,114,65.14
DIS-2021-2099,Landslide,2019-12-20 00:00:00,Kutch,14.3443,76.0616,85.0,209,195.33
DIS-2022-2100,Earthquake,2023-09-06 00:00:00,Mumbai,17.695,87.3534,78.2,339,559.97
DIS-2023-2101,Flood,2018-03-26 00:00:00,Chennai,14.1471,78.0922,84.3,346,353.67
DIS-2024-2102,Cyclone,2019-05-22 00:00:00,Guwahati,29.8772,75.8228,28.0,78,191.83
DIS-2025-2103,Tsunami,2018-11-24 00:00:00,Kolkata,9.9478,88.2486,39.3,177,196.78
DIS-2018-2104,Landslide,2024-01-02 00:00:00,Wayanad,19.5547,91.771,52.1,218,138.38
DIS-2019-2105,Earthquake,2019-09-19 00:00:00,Puri,14.0593,74.6944,93.8,179,668.13
DIS-2020-2106,Flood,2023-11-05 00:00:00,Patna,26.0633,74.6619,45.5,99,185.37
DIS-2021-2107,Cyclone,2021-11-03 00:00:00,Dehradun,24.756,79.214,30.9,24,188.4
DIS-2022-2108,Tsunami,2024-02-09 00:00:00,Shimla,22.2932,82.6176,33.1,123,177.95
DIS-2023-2109,Landslide,2024-07-22 00:00:00,Kutch,19.3102,68.0439,43.3,89,197.2
DIS-2024-2110,Earthquake,2019-05-18 00:00:00,Mumbai,12.9138,89.9806,91.6,336,63.61
DIS-2025-2111,Flood,2020-06-12 00:00:00,Chennai,22.3651,72.2877,27.1,42,77.69
DIS-2018-2112,Cyclone,2024-03-31 00:00:00,Guwahati,14.4967,82.4434,92.2,405,92.49
DIS-2019-2113,Tsunami,2023-01-06 00:00:00,Kolkata,22.4358,77.6301,30.8,51,81.85
DIS-2020-2114,Landslide,2019-02-14 00:00:00,Wayanad,31.7526,71.2143,78.1,207,9.37
DIS-2021-2115,Earthquake,2019-03-24 00:00:00,Puri,17.0014,70.6777,49.5,11,137.34
DIS-2022-2116,Flood,2024-07-01 00:00:00,Patna,18.8762,81.5925,71.8,120,473.25
DIS-2023-2117,Cyclone,2019-07-18 00:00:00,Dehradun,21.5824,75.2127,39.5,15,86.77
DIS-2024-2118,Tsunami,2024-04-01 00:00:00,Shimla,12.2931,83.5952,85.3,36,239.41
DIS-2025-2119,Landslide,2018-09-27 00:00:00,Kutch,8.5474,74.534,86.5,383,572.06
DIS-2018-2120,Earthquake,2020-06-26 00:00:00,Mumbai,10.0768,73.3748,78.8,294,225.2
DIS-2019-2121,Flood,2022-10-14 00:00:00,Chennai,30.6655,85.0223,50.0,230,232.68
DIS-2020-2122,Cyclone,2022-09-05 00:00:00,Guwahati,24.9531,78.0088,33.6,123,98.81
DIS-2021-2123,Tsunami,2022-11-09 00:00:00,Kolkata,26.9716,71.2806,45.0,201,118.77
DIS-2022-2124,Landslide,2022-12-09 00:00:00,Wayanad,17.7441,87.4017,64.4,299,279.15
DIS-2023-2125,Earthquake,2023-01-19 00:00:00,Puri,20.3585,69.0084,20.8,69,56.83
DIS-2024-2126,Flood,2021-06-13 00:00:00,Patna,17.2812,81.7045,54.8,92,273.16
DIS-2025-2127,Cyclone,2023-03-14 00:00:00,Dehradun,20.1339,75.7594,32.0,129,57.25
DIS-2018-2128,Tsunami,2024-01-03 00:00:00,Shimla,14.2796,73.7394,88.4,408,609.13
DIS-2019-2129,Landslide,2019-04-24 00:00:00,Kutch,31.2501,83.6115,71.1,309,446.03
DIS-2020-2130,Earthquake,2019-05-01 00:00:00,Mumbai,18.9811,75.7139,88.2,239,98.28
DIS-2021-2131,Flood,2023-08-05 00:00:00,Chennai,16.6277,69.5228,96.3,138,687.7
DIS-2022-2132,Cyclone,2022-05-25 00:00:00,Guwahati,19.585,71.2553,46.9,218,92.85
DIS-2023-2133,Tsunami,2019-07-01 00:00:00,Kolkata,28.2991,83.9723,63.2,99,401.18
DIS-2024-2134,Landslide,2020-05-28 00:00:00,Wayanad,15.5485,86.899,52.4,132,351.79
DIS-2025-2135,Earthquake,2019-08-11 00:00:00,Puri,15.6322,76.1322,77.4,342,574.64
DIS-2018-2136,Flood,2022-05-28 00:00:00,Patna,28.4947,87.9254,20.7,99,68.29
DIS-2019-2137,Cyclone,2022-03-28 00:00:00,Dehradun,8.607,82.4695,39.0,27,16.41
DIS-2020-2138,Tsunami,2024-09-20 00:00:00,Shimla,31.3659,69.9246,47.1,51,81.41
DIS-2021-2139,Landslide,2019-09-10 00:00:00,Kutch,14.0241,72.2948,69.5,305,418.37
DIS-2022-2140,Earthquake,2021-02-12 00:00:00,Mumbai,28.5948,71.8834,72.5,187,173.46
DIS-2023-2141,Flood,2021-02-20 00:00:00,Chennai,26.4829,71.179,78.5,266,573.81
DIS-2024-2142,Cyclone,2023-05-01 00:00:00,Guwahati,20.7684,74.9278,25.6,76,87.49
DIS-2025-2143,Tsunami,2019-12-20 00:00:00,Kolkata,12.9428,78.1682,70.1,126,16.86
DIS-2018-2144,Landslide,2023-08-11 00:00:00,Wayanad,25.9879,83.3766,20.2,6,96.17
DIS-2019-2145,Earthquake,2019-09-11 00:00:00,Puri,26.6328,86.9095,17.8,65,97.94
DIS-2020-2146,Flood,2018-12-15 00:00:00,Patna,17.7405,83.8785,94.1,129,147.85
DIS-2021-2147,Cyclone,2024-08-11 00:00:00,Dehradun,25.3757,76.4765,97.1,40,424.96
DIS-2022-2148,Tsunami,2021-06-30 00:00:00,Shimla,27.0552,82.6499,62.7,121,161.94
DIS-2023-2149,Landslide,2021-03-09 00:00:00,Kutch,25.0906,71.8794,16.1,43,88.63
DIS-2024-2150,Earthquake,2018-04-26 00:00:00,Mumbai,9.067,79.0336,51.9,254,62.3
DIS-2025-2151,Flood,2023-01-22 00:00:00,Chennai,24.5703,77.6479,57.5,54,352.61
DIS-2018-2152,Cyclone,2023-05-08 00:00:00,Guwahati,9.6879,79.5994,76.6,298,108.6
DIS-2019-2153,Tsunami,2022-06-13 00:00:00,Kolkata,27.1817,79.2545,71.8,184,554.96
DIS-2020-2154,Landslide,2020-09-12 00:00:00,Wayanad,31.2956,88.4287,41.2,144,132.01
DIS-2021-2155,Earthquake,2023-12-16 00:00:00,Puri,24.8402,68.3965,27.1,26,173.51
DIS-2022-2156,Flood,2018-04-06 00:00:00,Patna,16.5688,90.4661,84.9,179,89.19
DIS-2023-2157,Cyclone,2024-01-08 00:00:00,Dehradun,15.0499,91.4802,51.3,211,43.06
DIS-2024-2158,Tsunami,2024-04-03 00:00:00,Shimla,14.6185,72.9232,81.3,27,606.07
DIS-2025-2159,Landslide,2019-07-11 00:00:00,Kutch,30.7791,90.7797,93.3,63,336.87
DIS-2018-2160,Earthquake,2023-12-28 00:00:00,Mumbai,20.0792,86.1839,39.0,64,175.11
DIS-2019-2161,Flood,2020-09-15 00:00:00,Chennai,29.0241,87.9426,19.8,8,20.61
DIS-2020-2162,Cyclone,2024-09-12 00:00:00,Guwahati,12.636,88.1076,20.3,36,119.09
DIS-2021-2163,Tsunami,2018-06-11 00:00:00,Kolkata,20.5222,78.008,82.5,301,536.9
DIS-2022-2164,Landslide,2018-04-15 00:00:00,Wayanad,11.3264,79.6839,35.6,99,64.36
DIS-2023-2165,Earthquake,2018-05-31 00:00:00,Puri,15.44,91.1997,85.4,258,361.18
DIS-2024-2166,Flood,2022-01-25 00:00:00,Patna,24.1605,69.7743,82.7,252,195.87
DIS-2025-2167,Cyclone,2020-09-03 00:00:00,Dehradun,28.3508,71.6264,45.5,94,92.58
DIS-2018-2168,Tsunami,2024-05-04 00:00:00,Shimla,13.8359,81.7508,54.1,152,122.94
DIS-2019-2169,Landslide,2019-07-31 00:00:00,Kutch,20.553,80.2161,41.2,40,106.56
DIS-2020-2170,Earthquake,2023-08-06 00:00:00,Mumbai,25.6006,85.7212,96.9,195,224.69
DIS-2021-2171,Flood,2021-01-24 00:00:00,Chennai,23.9196,91.5396,67.0,126,426.03
DIS-2022-2172,Cyclone,2019-09-16 00:00:00,Guwahati,10.0328,82.4081,26.3,127,43.18
DIS-2023-2173,Tsunami,2023-05-28 00:00:00,Kolkata,8.8164,78.2529,62.9,176,480.04
DIS-2024-2174,Landslide,2021-10-14 00:00:00,Wayanad,15.4825,75.4262,55.1,223,209.04
DIS-2025-2175,Earthquake,2024-05-31 00:00:00,Puri,28.2084,76.2052,94.5,20,460.61
DIS-2018-2176,Flood,2019-01-10 00:00:00,Patna,18.7296,80.727,60.1,286,245.79
DIS-2019-2177,Cyclone,2024-07-15 00:00:00,Dehradun,19.325,78.7793,42.8,86,180.96
DIS-2020-2178,Tsunami,2018-06-14 00:00:00,Shimla,14.9962,75.7101,16.3,50,99.97
DIS-2021-2179,Landslide,2021-05-31 00:00:00,Kutch,30.9638,83.4569,96.6,336,18.05
DIS-2022-2180,Earthquake,2023-07-22 00:00:00,Mumbai,28.3122,87.5939,16.7,26,99.65
DIS-2023-2181,Flood,2022-11-28 00:00:00,Chennai,20.14,71.8912,62.9,25,144.94
DIS-2024-2182,Cyclone,2023-01-22 00:00:00,Guwahati,15.0766,88.7809,44.2,89,46.56
DIS-2025-2183,Tsunami,2022-03-28 00:00:00,Kolkata,31.7686,87.8198,59.9,51,74.56
DIS-2018-2184,Landslide,2023-05-27 00:00:00,Wayanad,10.4773,82.7911,24.6,122,73.66
DIS-2019-2185,Earthquake,2020-12-31 00:00:00,Puri,18.8881,85.08,92.8,421,307.05
DIS-2020-2186,Flood,2018-05-01 00:00:00,Patna,12.9928,81.0942,81.0,211,507.74
DIS-2021-2187,Cyclone,2023-04-19 00:00:00,Dehradun,13.2507,88.9109,19.4,20,106.11
DIS-2022-2188,Tsunami,2018-06-08 00:00:00,Shimla,19.7624,70.6389,90.7,280,385.4
DIS-2023-2189,Landslide,2024-09-10 00:00:00,Kutch,29.37,68.076,38.4,30,153.87
DIS-2024-2190,Earthquake,2024-01-28 00:00:00,Mumbai,19.6363,76.3979,80.5,190,363.33
DIS-2025-2191,Flood,2019-12-15 00:00:00,Chennai,8.066,76.7768,26.5,16,157.77
DIS-2018-2192,Cyclone,2023-11-18 00:00:00,Guwahati,24.2096,74.7614,16.3,70,67.48
DIS-2019-2193,Tsunami,2019-09-21 00:00:00,Kolkata,22.8547,75.2625,95.2,150,645.3
DIS-2020-2194,Landslide,2024-02-05 00:00:00,Wayanad,10.8014,68.8668,65.5,233,114.54
DIS-2021-2195,Earthquake,2022-03-06 00:00:00,Puri,17.7343,76.0278,43.6,120,229.34
DIS-2022-2196,Flood,2023-08-08 00:00:00,Patna,12.8697,89.9043,69.3,314,503.63
DIS-2023-2197,Cyclone,2021-11-12 00:00:00,Dehradun,11.2532,71.4818,78.2,113,385.25
DIS-2024-2198,Tsunami,2024-10-23 00:00:00,Shimla,8.98,91.267,91.2,426,319.5
DIS-2025-2199,Landslide,2022-10-14 00:00:00,Kutch,30.2754,76.0565,78.1,257,425.86
DIS-2018-2200,Earthquake,2021-01-11 00:00:00,Mumbai,10.4693,79.3813,88.6,388,366.51
DIS-2019-2201,Flood,2019-12-26 00:00:00,Chennai,23.8339,81.5207,20.8,16,152.17
DIS-2020-2202,Cyclone,2023-03-19 00:00:00,Guwahati,25.7446,76.7591,39.9,89,76.28
DIS-2021-2203,Tsunami,2019-07-24 00:00:00,Kolkata,18.3236,88.9111,20.7,99,4.5
DIS-2022-2204,Landslide,2022-07-22 00:00:00,Wayanad,29.3754,76.996,30.7,105,45.74
DIS-2023-2205,Earthquake,2023-01-10 00:00:00,Puri,30.0331,73.8924,35.3,124,231.9
DIS-2024-2206,Flood,2022-06-19 00:00:00,Patna,29.2991,81.1791,93.6,338,645.72
DIS-2025-2207,Cyclone,2018-03-08 00:00:00,Dehradun,30.4536,86.8314,69.2,73,257.23
DIS-2018-2208,Tsunami,2020-11-21 00:00:00,Shimla,20.1811,70.5169,17.8,62,102.99
DIS-2019-2209,Landslide,2019-05-09 00:00:00,Kutch,21.3946,73.3606,93.2,124,246.64
DIS-2020-2210,Earthquake,2018-05-23 00:00:00,Mumbai,30.1263,89.2996,48.6,80,260.92
DIS-2021-2211,Flood,2023-03-06 00:00:00,Chennai,30.673,89.936,70.1,255,17.55
DIS-2022-2212,Cyclone,2018-02-24 00:00:00,Guwahati,10.5221,76.6276,27.9,91,182.5
DIS-2023-2213,Tsunami,2023-02-22 00:00:00,Kolkata,26.063,87.609,70.3,145,336.29
DIS-2024-2214,Landslide,2019-12-06 00:00:00,Wayanad,20.3793,91.8513,55.7,228,36.99
DIS-2025-2215,Earthquake,2018-09-15 00:00:00,Puri,10.0882,83.8354,36.5,129,276.06
DIS-2018-2216,Flood,2021-01-12 00:00:00,Patna,15.5972,76.0106,85.9,417,276.68
DIS-2019-2217,Cyclone,2020-12-14 00:00:00,Dehradun,29.6285,91.3081,90.5,356,118.94
DIS-2020-2218,Tsunami,2019-05-08 00:00:00,Shimla,10.276,89.0456,17.6,80,42.64
DIS-2021-2219,Landslide,2020-03-20 00:00:00,Kutch,16.9185,70.451,89.7,324,305.12
DIS-2022-2220,Earthquake,2024-09-26 00:00:00,Mumbai,9.5902,75.5593,41.1,10,111.5
DIS-2023-2221,Flood,2023-01-08 00:00:00,Chennai,25.463,82.977,34.8,123,12.85
DIS-2024-2222,Cyclone,2021-01-15 00:00:00,Guwahati,26.305,68.8002,52.8,108,149.33
DIS-2025-2223,Tsunami,2022-03-26 00:00:00,Kolkata,22.2073,88.5502,46.2,115,292.57
DIS-2018-2224,Landslide,2018-12-23 00:00:00,Wayanad,9.7642,72.5983,60.8,59,168.03
DIS-2019-2225,Earthquake,2021-02-02 00:00:00,Puri,22.5256,89.7364,36.2,150,24.19
DIS-2020-2226,Flood,2024-08-04 00:00:00,Patna,12.7139,75.2006,67.0,311,385.98
DIS-2021-2227,Cyclone,2021-03-26 00:00:00,Dehradun,31.3509,69.2112,18.1,38,85.97
DIS-2022-2228,Tsunami,2023-09-14 00:00:00,Shimla,14.1878,84.5564,40.6,159,113.97
DIS-2023-2229,Landslide,2020-01-23 00:00:00,Kutch,23.8722,70.7141,97.4,132,553.72
DIS-2024-2230,Earthquake,2020-01-18 00:00:00,Mumbai,21.8833,91.67,98.0,179,122.11
DIS-2025-2231,Flood,2019-06-18 00:00:00,Chennai,28.5964,88.9001,16.7,46,30.43
DIS-2018-2232,Cyclone,2021-11-16 00:00:00,Guwahati,21.389,79.1947,62.8,301,280.23
DIS-2019-2233,Tsunami,2021-02-19 00:00:00,Kolkata,28.3096,75.6757,51.4,250,291.96
DIS-2020-2234,Landslide,2022-05-03 00:00:00,Wayanad,8.2903,84.9035,48.5,91,125.86
DIS-2021-2235,Earthquake,2019-07-06 00:00:00,Puri,22.6788,71.1887,36.0,31,192.32
DIS-2022-2236,Flood,2022-12-14 00:00:00,Patna,26.6132,83.1423,23.1,11,82.01
DIS-2023-2237,Cyclone,2022-06-30 00:00:00,Dehradun,29.9146,86.9908,40.4,170,56.13
DIS-2024-2238,Tsunami,2022-06-17 00:00:00,Shimla,8.5348,89.7956,62.8,214,102.77
DIS-2025-2239,Landslide,2020-08-12 00:00:00,Kutch,12.8012,79.2699,90.7,347,442.08
DIS-2018-2240,Earthquake,2023-06-21 00:00:00,Mumbai,13.0239,85.7352,48.9,108,230.43
DIS-2019-2241,Flood,2021-04-26 00:00:00,Chennai,9.5851,71.2423,70.1,210,140.31
DIS-2020-2242,Cyclone,2018-10-20 00:00:00,Guwahati,25.6861,85.4393,32.7,163,153.51
DIS-2021-2243,Tsunami,2022-06-10 00:00:00,Kolkata,12.3448,74.8056,66.3,212,221.98
DIS-2022-2244,Landslide,2023-11-01 00:00:00,Wayanad,13.624,80.3419,81.2,205,185.29
DIS-2023-2245,Earthquake,2020-03-21 00:00:00,Puri,17.5467,74.5753,29.5,140,6.15
DIS-2024-2246,Flood,2022-06-17 00:00:00,Patna,18.5687,83.5465,73.2,311,239.86
DIS-2025-2247,Cyclone,2022-09-18 00:00:00,Dehradun,27.3476,70.7603,89.3,52,108.44
DIS-2018-2248,Tsunami,2021-11-17 00:00:00,Shimla,21.7959,82.4841,72.0,261,36.18
DIS-2019-2249,Landslide,2023-05-22 00:00:00,Kutch,19.945,75.9793,67.3,235,368.86
DIS-2020-2250,Earthquake,2018-09-05 00:00:00,Mumbai,13.3705,80.8431,61.7,65,116.69
DIS-2021-2251,Flood,2020-09-07 00:00:00,Chennai,18.1534,82.0812,33.0,28,165.57
DIS-2022-2252,Cyclone,2024-02-20 00:00:00,Guwahati,15.7921,78.9757,32.9,143,204.88
DIS-2023-2253,Tsunami,2021-03-26 00:00:00,Kolkata,12.5666,71.6633,43.9,217,256.02
DIS-2024-2254,Landslide,2021-11-06 00:00:00,Wayanad,9.1827,84.8907,49.2,175,280.26
DIS-2025-2255,Earthquake,2022-09-08 00:00:00,Puri,20.4511,88.1673,36.1,117,128.73
DIS-2018-2256,Flood,2024-04-22 00:00:00,Patna,31.5726,88.6883,79.1,152,303.59
DIS-2019-2257,Cyclone,2021-09-20 00:00:00,Dehradun,21.4806,87.409,30.8,26,140.24
DIS-2020-2258,Tsunami,2022-07-23 00:00:00,Shimla,9.3611,83.9357,35.0,152,165.1
DIS-2021-2259,Landslide,2019-01-12 00:00:00,Kutch,13.1176,70.1725,73.1,75,23.59
DIS-2022-2260,Earthquake,2019-10-16 00:00:00,Mumbai,17.7988,81.9852,73.6,53,404.24
DIS-2023-2261,Flood,2022-02-26 00:00:00,Chennai,31.6202,89.734,87.3,207,183.16
DIS-2024-2262,Cyclone,2020-04-28 00:00:00,Guwahati,27.4499,68.6833,72.3,170,81.37
DIS-2025-2263,Tsunami,2023-12-03 00:00:00,Kolkata,10.6347,83.5405,51.3,24,315.76
DIS-2018-2264,Landslide,2018-01-02 00:00:00,Wayanad,29.1841,87.6763,53.7,89,174.56
DIS-2019-2265,Earthquake,2019-01-06 00:00:00,Puri,28.0459,77.3695,15.9,41,120.79
DIS-2020-2266,Flood,2020-04-15 00:00:00,Patna,30.5848,72.341,30.4,121,4.49
DIS-2021-2267,Cyclone,2023-06-16 00:00:00,Dehradun,11.0523,80.911,35.5,68,80.45
DIS-2022-2268,Tsunami,2021-02-22 00:00:00,Shimla,20.2665,91.5016,25.3,64,128.22
DIS-2023-2269,Landslide,2023-12-13 00:00:00,Kutch,23.4125,80.1189,26.8,97,208.65
DIS-2024-2270,Earthquake,2019-02-10 00:00:00,Mumbai,20.8997,79.9638,30.5,19,88.02
DIS-2025-2271,Flood,2022-10-20 00:00:00,Chennai,9.2222,79.4623,90.2,107,157.47
DIS-2018-2272,Cyclone,2022-08-20 00:00:00,Guwahati,14.6292,85.0813,65.3,260,407.11
DIS-2019-2273,Tsunami,2019-03-07 00:00:00,Kolkata,26.7099,76.6642,88.3,126,676.24
DIS-2020-2274,Landslide,2019-12-21 00:00:00,Wayanad,15.4487,75.9176,30.7,82,80.54
DIS-2021-2275,Earthquake,2024-01-06 00:00:00,Puri,25.9839,85.155,38.3,100,250.28
DIS-2022-2276,Flood,2018-01-11 00:00:00,Patna,27.6628,87.1595,23.4,16,154.91
DIS-2023-2277,Cyclone,2018-11-23 00:00:00,Dehradun,9.0562,83.9511,18.7,92,92.08
DIS-2024-2278,Tsunami,2019-05-27 00:00:00,Shimla,22.7096,86.1062,34.3,40,138.8
DIS-2025-2279,Landslide,2022-02-28 00:00:00,Kutch,31.0499,76.2448,95.6,462,536.69
DIS-2018-2280,Earthquake,2020-12-30 00:00:00,Mumbai,20.7406,91.253,90.0,409,296.46
DIS-2019-2281,Flood,2021-07-09 00:00:00,Chennai,13.5301,73.5843,70.0,18,310.46
DIS-2020-2282,Cyclone,2020-05-21 00:00:00,Guwahati,11.8083,74.7863,40.5,162,110.34
DIS-2021-2283,Tsunami,2018-11-16 00:00:00,Kolkata,16.2916,78.8722,89.9,44,36.87
DIS-2022-2284,Landslide,2024-08-02 00:00:00,Wayanad,21.5933,89.2895,41.8,196,74.14
DIS-2023-2285,Earthquake,2019-08-25 00:00:00,Puri,14.1439,71.5762,76.1,90,591.63
DIS-2024-2286,Flood,2023-07-07 00:00:00,Patna,8.4467,83.0254,58.0,138,160.23
DIS-2025-2287,Cyclone,2022-11-23 00:00:00,Dehradun,21.1507,86.5644,71.0,61,158.15
DIS-2018-2288,Tsunami,2019-11-22 00:00:00,Shimla,18.0029,88.7025,38.5,125,68.15
DIS-2019-2289,Landslide,2021-08-11 00:00:00,Kutch,25.8853,83.5103,91.6,66,569.27
DIS-2020-2290,Earthquake,2020-06-12 00:00:00,Mumbai,21.9436,88.6673,74.6,317,10.04
DIS-2021-2291,Flood,2023-04-14 00:00:00,Chennai,20.4843,73.2117,76.7,55,586.62
DIS-2022-2292,Cyclone,2021-01-05 00:00:00,Guwahati,20.5536,89.9172,16.9,28,59.34
DIS-2023-2293,Tsunami,2024-03-18 00:00:00,Kolkata,28.9541,91.5205,35.5,56,276.32
DIS-2024-2294,Landslide,2024-05-06 00:00:00,Wayanad,28.5708,85.5986,92.5,156,186.87
DIS-2025-2295,Earthquake,2023-12-17 00:00:00,Puri,21.7304,87.2672,78.0,156,93.84
DIS-2018-2296,Flood,2024-05-23 00:00:00,Patna,13.054,85.8003,27.2,31,106.95
DIS-2019-2297,Cyclone,2018-04-21 00:00:00,Dehradun,22.5783,71.8449,79.6,89,549.88
DIS-2020-2298,Tsunami,2020-08-28 00:00:00,Shimla,10.7552,88.8722,64.8,163,190.39
DIS-2021-2299,Landslide,2020-09-30 00:00:00,Kutch,15.8124,74.4215,60.2,132,440.73
DIS-2022-2300,Earthquake,2018-06-07 00:00:00,Mumbai,27.7799,72.0011,62.8,251,483.82
DIS-2023-2301,Flood,2021-06-15 00:00:00,Chennai,13.5512,76.819,57.1,114,402.95
DIS-2024-2302,Cyclone,2020-11-21 00:00:00,Guwahati,25.4903,70.5001,84.0,304,248.33
DIS-2025-2303,Tsunami,2018-01-01 00:00:00,Kolkata,13.2864,80.1758,20.7,75,109.92
DIS-2018-2304,Landslide,2020-06-18 00:00:00,Wayanad,26.3897,81.8021,36.6,38,249.26
DIS-2019-2305,Earthquake,2018-12-26 00:00:00,Puri,13.1102,85.9087,43.6,144,336.7
DIS-2020-2306,Flood,2022-02-06 00:00:00,Patna,21.2447,80.1622,41.4,12,93.41
DIS-2021-2307,Cyclone,2020-05-28 00:00:00,Dehradun,18.7787,72.7508,22.2,75,166.56
DIS-2022-2308,Tsunami,2021-04-14 00:00:00,Shimla,28.3342,73.8981,62.5,233,346.12
DIS-2023-2309,Landslide,2019-07-02 00:00:00,Kutch,26.1176,75.7401,75.5,170,538.35
DIS-2024-2310,Earthquake,2021-06-25 00:00:00,Mumbai,8.4553,77.9436,37.1,30,246.0
DIS-2025-2311,Flood,2023-08-09 00:00:00,Chennai,8.0599,87.9701,36.8,32,236.19
DIS-2018-2312,Cyclone,2023-04-07 00:00:00,Guwahati,16.8002,86.2865,30.9,31,93.96
DIS-2019-2313,Tsunami,2018-12-09 00:00:00,Kolkata,22.4085,79.5741,31.5,24,217.91
DIS-2020-2314,Landslide,2021-07-11 00:00:00,Wayanad,8.7574,91.4483,31.5,11,158.57
DIS-2021-2315,Earthquake,2018-03-28 00:00:00,Puri,21.1209,72.9921,68.4,275,480.13
DIS-2022-2316,Flood,2024-05-29 00:00:00,Patna,20.2425,79.7671,66.6,290,293.01
DIS-2023-2317,Cyclone,2023-09-14 00:00:00,Dehradun,8.9373,79.1474,82.8,250,544.33
DIS-2024-2318,Tsunami,2023-02-21 00:00:00,Shimla,28.5777,87.206,88.7,233,555.15
DIS-2025-2319,Landslide,2021-09-27 00:00:00,Kutch,14.3468,76.918,84.0,120,300.57
DIS-2018-2320,Earthquake,2021-12-05 00:00:00,Mumbai,14.7386,70.9493,41.7,150,76.68
DIS-2019-2321,Flood,2019-10-26 00:00:00,Chennai,15.2075,90.7117,36.8,31,183.18
DIS-2020-2322,Cyclone,2019-06-03 00:00:00,Guwahati,22.5796,73.1209,54.4,89,310.02
DIS-2021-2323,Tsunami,2020-03-17 00:00:00,Kolkata,10.4671,78.7257,93.2,212,552.85
DIS-2022-2324,Landslide,2020-11-05 00:00:00,Wayanad,26.6963,86.4706,97.8,480,743.92
DIS-2023-2325,Earthquake,2024-05-10 00:00:00,Puri,28.4513,78.899,87.3,289,411.29
DIS-2024-2326,Flood,2024-09-19 00:00:00,Patna,12.4036,82.4823,19.7,56,103.95
DIS-2025-2327,Cyclone,2018-02-28 00:00:00,Dehradun,29.4914,88.4086,96.4,461,670.13
DIS-2018-2328,Tsunami,2019-05-01 00:00:00,Shimla,25.462,69.8092,19.1,48,124.83
DIS-2019-2329,Landslide,2024-06-19 00:00:00,Kutch,15.51,77.5436,73.1,263,177.39
DIS-2020-2330,Earthquake,2020-08-13 00:00:00,Mumbai,13.0015,68.2913,89.4,44,377.48
DIS-2021-2331,Flood,2020-08-29 00:00:00,Chennai,11.6618,86.2085,70.2,227,110.99
DIS-2022-2332,Cyclone,2019-12-31 00:00:00,Guwahati,27.8879,88.8315,58.4,238,278.4
DIS-2023-2333,Tsunami,2022-04-29 00:00:00,Kolkata,18.1931,82.014,66.4,321,100.35
DIS-2024-2334,Landslide,2018-01-26 00:00:00,Wayanad,22.9542,72.5118,32.4,148,43.95
DIS-2025-2335,Earthquake,2018-04-11 00:00:00,Puri,31.0992,75.6649,47.5,15,360.4
DIS-2018-2336,Flood,2023-03-19 00:00:00,Patna,25.3056,69.9772,70.7,88,430.69
DIS-2019-2337,Cyclone,2018-10-14 00:00:00,Dehradun,10.0896,79.7467,15.8,60,21.41
DIS-2020-2338,Tsunami,2021-01-02 00:00:00,Shimla,16.2002,71.8535,78.6,387,570.33
DIS-2021-2339,Landslide,2024-03-06 00:00:00,Kutch,30.2828,72.4346,84.9,211,414.02
DIS-2022-2340,Earthquake,2023-06-06 00:00:00,Mumbai,24.0479,81.3012,44.2,58,40.88
DIS-2023-2341,Flood,2020-11-29 00:00:00,Chennai,14.4034,80.859,84.1,347,447.46
DIS-2024-2342,Cyclone,2019-09-13 00:00:00,Guwahati,8.3105,72.3233,43.4,144,106.16
DIS-2025-2343,Tsunami,2019-05-23 00:00:00,Kolkata,30.3127,85.7743,38.6,86,82.9
DIS-2018-2344,Landslide,2022-10-24 00:00:00,Wayanad,26.4107,77.1374,77.7,336,40.85
DIS-2019-2345,Earthquake,2018-10-08 00:00:00,Puri,31.5702,89.8888,45.1,195,275.76
DIS-2020-2346,Flood,2024-09-15 00:00:00,Patna,13.1902,79.611,52.5,109,356.01
DIS-2021-2347,Cyclone,2023-11-05 00:00:00,Dehradun,9.1269,86.7691,32.2,34,187.21
DIS-2022-2348,Tsunami,2018-12-07 00:00:00,Shimla,30.4838,68.211,74.8,77,461.59
DIS-2023-2349,Landslide,2023-07-21 00:00:00,Kutch,17.5994,80.1402,68.5,90,242.58
DIS-2024-2350,Earthquake,2019-10-24 00:00:00,Mumbai,31.4091,86.3873,41.2,18,90.83
DIS-2025-2351,Flood,2018-09-01 00:00:00,Chennai,25.2414,81.6822,54.0,37,17.02
DIS-2018-2352,Cyclone,2022-12-03 00:00:00,Guwahati,15.0171,77.4985,60.8,131,16.75
DIS-2019-2353,Tsunami,2022-11-12 00:00:00,Kolkata,23.2714,85.7887,39.4,17,178.09
DIS-2020-2354,Landslide,2022-03-17 00:00:00,Wayanad,26.0256,72.697,45.5,52,337.01
DIS-2021-2355,Earthquake,2018-12-29 00:00:00,Puri,13.7408,75.4589,60.1,125,255.85
DIS-2022-2356,Flood,2020-02-05 00:00:00,Patna,16.5258,82.3072,96.2,338,158.75
DIS-2023-2357,Cyclone,2023-04-07 00:00:00,Dehradun,31.5557,83.4874,45.3,56,231.36
DIS-2024-2358,Tsunami,2020-02-03 00:00:00,Shimla,8.6772,76.1884,77.0,82,21.14
DIS-2025-2359,Landslide,2019-11-06 00:00:00,Kutch,16.5129,90.0375,97.7,349,204.55
DIS-2018-2360,Earthquake,2022-08-13 00:00:00,Mumbai,29.8646,80.684,87.2,355,87.02
DIS-2019-2361,Flood,2019-10-01 00:00:00,Chennai,26.4039,77.2867,54.0,150,18.9
DIS-2020-2362,Cyclone,2024-10-04 00:00:00,Guwahati,30.2474,84.8495,49.4,111,186.54
DIS-2021-2363,Tsunami,2021-03-31 00:00:00,Kolkata,29.2834,71.866,23.6,105,3.44
DIS-2022-2364,Landslide,2024-03-28 00:00:00,Wayanad,27.5231,76.4094,74.6,134,26.06
DIS-2023-2365,Earthquake,2021-01-08 00:00:00,Puri,22.5897,81.6512,23.1,115,174.67
DIS-2024-2366,Flood,2021-05-10 00:00:00,Patna,8.0641,87.0891,44.3,74,169.31
DIS-2025-2367,Cyclone,2018-04-10 00:00:00,Dehradun,13.6199,91.7396,36.6,126,256.95
DIS-2018-2368,Tsunami,2020-10-27 00:00:00,Shimla,9.2354,75.2245,62.2,303,346.8
DIS-2019-2369,Landslide,2018-04-03 00:00:00,Kutch,17.7505,77.3539,55.6,222,314.73
DIS-2020-2370,Earthquake,2023-07-29 00:00:00,Mumbai,27.0002,86.7664,23.6,80,13.32
DIS-2021-2371,Flood,2021-03-01 00:00:00,Chennai,20.7072,69.0795,17.4,76,118.18
DIS-2022-2372,Cyclone,2023-08-10 00:00:00,Guwahati,29.6081,77.3247,68.2,182,67.23
DIS-2023-2373,Tsunami,2023-05-03 00:00:00,Kolkata,23.6382,82.6272,57.8,48,424.96
DIS-2024-2374,Landslide,2024-05-04 00:00:00,Wayanad,16.2892,78.2439,45.3,65,254.54
DIS-2025-2375,Earthquake,2022-08-18 00:00:00,Puri,26.1964,87.7547,43.3,25,237.66
DIS-2018-2376,Flood,2020-01-12 00:00:00,Patna,26.9688,91.0971,27.4,107,8.3
DIS-2019-2377,Cyclone,2021-06-13 00:00:00,Dehradun,19.9376,80.6801,18.4,61,103.63
DIS-2020-2378,Tsunami,2019-11-19 00:00:00,Shimla,28.7138,72.3322,94.0,251,450.7
DIS-2021-2379,Landslide,2018-07-23 00:00:00,Kutch,16.5847,86.3018,26.3,10,23.77
DIS-2022-2380,Earthquake,2020-02-06 00:00:00,Mumbai,10.0966,81.1371,32.9,76,184.06
DIS-2023-2381,Flood,2022-12-24 00:00:00,Chennai,23.669,75.6765,35.2,100,262.22
DIS-2024-2382,Cyclone,2020-05-04 00:00:00,Guwahati,21.7732,73.8436,51.6,183,184.16
DIS-2025-2383,Tsunami,2020-11-26 00:00:00,Kolkata,25.551,90.2591,77.3,328,591.56
DIS-2018-2384,Landslide,2022-10-11 00:00:00,Wayanad,30.6365,70.4103,93.4,149,45.41
DIS-2019-2385,Earthquake,2020-12-08 00:00:00,Puri,29.666,79.5944,38.3,170,3.92
DIS-2020-2386,Flood,2023-08-15 00:00:00,Patna,24.5085,86.4083,32.4,20,194.38
DIS-2021-2387,Cyclone,2023-07-26 00:00:00,Dehradun,28.3389,70.5965,82.8,154,459.81
DIS-2022-2388,Tsunami,2022-12-19 00:00:00,Shimla,8.0012,90.3631,60.7,281,187.83
DIS-2023-2389,Landslide,2019-02-04 00:00:00,Kutch,9.4554,78.0319,70.5,72,515.86
DIS-2024-2390,Earthquake,2021-05-26 00:00:00,Mumbai,24.3591,84.7817,96.8,325,745.27
DIS-2025-2391,Flood,2024-05-20 00:00:00,Chennai,18.1263,86.3585,24.7,80,125.21
DIS-2018-2392,Cyclone,2024-08-09 00:00:00,Guwahati,11.4186,68.95,73.2,355,578.4
DIS-2019-2393,Tsunami,2019-05-16 00:00:00,Kolkata,23.4166,89.2877,31.6,46,113.19
DIS-2020-2394,Landslide,2023-08-24 00:00:00,Wayanad,28.2594,90.2499,55.5,171,133.57
DIS-2021-2395,Earthquake,2020-10-11 00:00:00,Puri,30.0947,89.9624,47.5,169,253.54
DIS-2022-2396,Flood,2018-09-16 00:00:00,Patna,17.1751,77.9419,43.9,185,67.27
DIS-2023-2397,Cyclone,2021-05-19 00:00:00,Dehradun,22.5347,78.5343,53.8,208,8.15
DIS-2024-2398,Tsunami,2020-06-01 00:00:00,Shimla,19.4492,87.0537,67.3,159,272.6
DIS-2025-2399,Landslide,2018-04-21 00:00:00,Kutch,31.0711,79.0028,56.8,113,259.41
DIS-2018-2400,Earthquake,2022-07-07 00:00:00,Mumbai,27.133,78.5145,94.7,456,222.28
DIS-2019-2401,Flood,2021-12-13 00:00:00,Chennai,26.2796,81.7946,73.2,48,308.17
DIS-2020-2402,Cyclone,2024-07-31 00:00:00,Guwahati,20.6911,87.132,95.4,290,522.99
DIS-2021-2403,Tsunami,2023-06-04 00:00:00,Kolkata,31.6592,90.6222,74.1,72,232.3
DIS-2022-2404,Landslide,2018-04-29 00:00:00,Wayanad,22.0429,85.4048,67.7,330,74.41
DIS-2023-2405,Earthquake,2019-01-30 00:00:00,Puri,26.5097,87.268,45.6,204,31.95
DIS-2024-2406,Flood,2019-03-19 00:00:00,Patna,27.2362,73.6057,53.9,59,311.66
DIS-2025-2407,Cyclone,2019-01-15 00:00:00,Dehradun,19.0094,78.641,65.2,131,121.53
DIS-2018-2408,Tsunami,2019-03-21 00:00:00,Shimla,24.4686,85.2378,37.8,22,195.93
DIS-2019-2409,Landslide,2020-02-09 00:00:00,Kutch,30.1165,75.1991,63.1,13,440.41
DIS-2020-2410,Earthquake,2022-05-06 00:00:00,Mumbai,15.8348,77.9479,52.0,165,398.08
DIS-2021-2411,Flood,2019-05-07 00:00:00,Chennai,8.4742,78.1541,23.7,32,119.21
DIS-2022-2412,Cyclone,2018-04-13 00:00:00,Guwahati,18.7255,89.8524,55.8,278,116.07
DIS-2023-2413,Tsunami,2022-09-17 00:00:00,Kolkata,30.4536,74.2733,49.3,195,338.9
DIS-2024-2414,Landslide,2021-03-27 00:00:00,Wayanad,27.2062,73.6415,61.4,122,36.71
DIS-2025-2415,Earthquake,2018-01-08 00:00:00,Puri,20.5331,83.6753,29.2,67,188.05
DIS-2018-2416,Flood,2023-05-28 00:00:00,Patna,30.2524,91.3843,89.6,431,584.01
DIS-2019-2417,Cyclone,2021-03-06 00:00:00,Dehradun,28.0922,68.3642,94.2,271,129.27
DIS-2020-2418,Tsunami,2023-03-29 00:00:00,Shimla,12.4913,78.4713,51.7,32,175.46
DIS-2021-2419,Landslide,2024-03-23 00:00:00,Kutch,17.0168,76.3964,40.5,87,43.74
DIS-2022-2420,Earthquake,2024-05-10 00:00:00,Mumbai,8.2463,85.3268,74.3,59,225.57
DIS-2023-2421,Flood,2022-01-25 00:00:00,Chennai,22.1572,84.8946,21.5,32,106.99
DIS-2024-2422,Cyclone,2021-11-13 00:00:00,Guwahati,23.5554,89.8545,49.1,73,116.06
DIS-2025-2423,Tsunami,2022-12-31 00:00:00,Kolkata,9.1048,74.8657,20.3,16,80.43
DIS-2018-2424,Landslide,2023-08-23 00:00:00,Wayanad,20.526,72.8457,92.7,226,677.79
DIS-2019-2425,Earthquake,2019-04-12 00:00:00,Puri,21.6332,80.5096,81.9,104,42.98
DIS-2020-2426,Flood,2021-05-21 00:00:00,Patna,26.7014,83.3861,43.3,201,116.76
DIS-2021-2427,Cyclone,2020-02-02 00:00:00,Dehradun,26.9172,89.3939,43.8,158,317.28
DIS-2022-2428,Tsunami,2019-09-29 00:00:00,Shimla,14.0315,90.3507,20.4,22,39.17
DIS-2023-2429,Landslide,2019-01-22 00:00:00,Kutch,14.3255,73.5244,69.7,147,232.79
DIS-2024-2430,Earthquake,2018-01-24 00:00:00,Mumbai,18.6168,88.8502,65.7,276,348.02
DIS-2025-2431,Flood,2022-09-23 00:00:00,Chennai,9.5485,77.3857,38.1,95,98.48
DIS-2018-2432,Cyclone,2023-01-15 00:00:00,Guwahati,11.3072,85.817,88.0,40,145.66
DIS-2019-2433,Tsunami,2019-04-25 00:00:00,Kolkata,24.9378,81.8619,35.9,16,182.62
DIS-2020-2434,Landslide,2024-08-02 00:00:00,Wayanad,16.4203,86.4538,86.7,189,166.54
DIS-2021-2435,Earthquake,2021-12-25 00:00:00,Puri,20.2019,83.8321,18.7,18,26.67
DIS-2022-2436,Flood,2020-05-26 00:00:00,Patna,12.8908,87.1191,37.6,155,85.91
DIS-2023-2437,Cyclone,2023-10-01 00:00:00,Dehradun,30.1376,85.0181,80.2,202,411.88
DIS-2024-2438,Tsunami,2022-09-13 00:00:00,Shimla,22.7802,76.5948,50.2,158,280.0
DIS-2025-2439,Landslide,2022-05-16 00:00:00,Kutch,10.5763,69.1523,80.1,127,290.21
DIS-2018-2440,Earthquake,2020-02-20 00:00:00,Mumbai,20.8225,91.4284,96.5,26,543.91
DIS-2019-2441,Flood,2022-05-18 00:00:00,Chennai,21.2034,83.6191,82.5,65,620.88
DIS-2020-2442,Cyclone,2020-12-05 00:00:00,Guwahati,21.0863,82.7671,92.5,370,240.25
DIS-2021-2443,Tsunami,2022-11-09 00:00:00,Kolkata,14.0709,80.3603,97.8,362,359.01
DIS-2022-2444,Landslide,2019-03-06 00:00:00,Wayanad,15.4868,88.5416,62.1,157,376.09
DIS-2023-2445,Earthquake,2022-12-19 00:00:00,Puri,28.8258,77.3934,16.1,73,89.06
DIS-2024-2446,Flood,2022-04-03 00:00:00,Patna,25.6932,75.8069,73.2,77,567.49
DIS-2025-2447,Cyclone,2021-05-11 00:00:00,Dehradun,16.4966,75.9029,45.6,61,293.95
DIS-2018-2448,Tsunami,2020-04-19 00:00:00,Shimla,17.4597,79.0054,68.7,332,344.62
DIS-2019-2449,Landslide,2020-09-25 00:00:00,Kutch,8.1353,77.9749,51.3,60,195.8
DIS-2020-2450,Earthquake,2023-12-22 00:00:00,Mumbai,31.5222,72.6869,67.8,50,208.67
DIS-2021-2451,Flood,2024-09-22 00:00:00,Chennai,25.8502,87.99,16.2,16,54.51
DIS-2022-2452,Cyclone,2023-04-24 00:00:00,Guwahati,26.4932,91.5215,93.9,215,506.4
DIS-2023-2453,Tsunami,2023-02-21 00:00:00,Kolkata,8.9861,77.3468,68.7,208,200.78
DIS-2024-2454,Landslide,2019-06-18 00:00:00,Wayanad,26.2093,69.4543,91.2,87,614.79
DIS-2025-2455,Earthquake,2024-07-16 00:00:00,Puri,28.8628,70.2314,90.4,339,85.46
DIS-2018-2456,Flood,2019-02-02 00:00:00,Patna,18.5153,71.1537,97.0,263,363.34
DIS-2019-2457,Cyclone,2019-03-14 00:00:00,Dehradun,31.0314,72.4405,28.1,68,137.2
DIS-2020-2458,Tsunami,2020-12-01 00:00:00,Shimla,10.2599,89.2141,60.1,277,238.33
DIS-2021-2459,Landslide,2019-11-07 00:00:00,Kutch,28.8461,88.5653,82.7,114,580.29
DIS-2022-2460,Earthquake,2020-12-16 00:00:00,Mumbai,29.5758,78.9937,51.5,247,342.35
DIS-2023-2461,Flood,2020-11-22 00:00:00,Chennai,29.8898,77.2925,31.4,147,5.85
DIS-2024-2462,Cyclone,2024-08-08 00:00:00,Guwahati,8.1381,80.117,55.5,239,90.36
DIS-2025-2463,Tsunami,2023-02-12 00:00:00,Kolkata,13.8052,69.5065,27.2,86,35.35
DIS-2018-2464,Landslide,2018-12-05 00:00:00,Wayanad,9.1222,80.9145,34.5,128,188.08
DIS-2019-2465,Earthquake,2018-04-24 00:00:00,Puri,31.213,68.3477,77.3,345,360.88
DIS-2020-2466,Flood,2018-10-08 00:00:00,Patna,30.815,71.5554,97.5,151,92.57
DIS-2021-2467,Cyclone,2021-09-13 00:00:00,Dehradun,18.3924,73.1485,50.7,32,13.46
DIS-2022-2468,Tsunami,2019-06-18 00:00:00,Shimla,9.2188,82.6255,66.0,221,254.84
DIS-2023-2469,Landslide,2019-03-23 00:00:00,Kutch,15.6279,76.6466,42.8,193,249.49
DIS-2024-2470,Earthquake,2020-07-26 00:00:00,Mumbai,31.9068,75.2521,87.9,314,434.93
DIS-2025-2471,Flood,2022-03-22 00:00:00,Chennai,15.4652,87.145,24.1,25,134.96
DIS-2018-2472,Cyclone,2019-12-28 00:00:00,Guwahati,31.4474,85.9989,38.6,172,266.58
DIS-2019-2473,Tsunami,2023-10-24 00:00:00,Kolkata,16.6974,77.2597,73.2,344,385.12
DIS-2020-2474,Landslide,2021-04-06 00:00:00,Wayanad,31.2914,81.9228,83.2,388,444.48
DIS-2021-2475,Earthquake,2020-12-12 00:00:00,Puri,15.3332,69.0873,63.6,245,441.56
DIS-2022-2476,Flood,2019-03-27 00:00:00,Patna,22.4731,87.5817,40.9,141,64.59
DIS-2023-2477,Cyclone,2019-10-01 00:00:00,Dehradun,24.3285,77.4582,81.0,280,643.46
DIS-2024-2478,Tsunami,2019-08-06 00:00:00,Shimla,23.0914,87.2033,37.3,169,202.65
DIS-2025-2479,Landslide,2018-12-17 00:00:00,Kutch,14.9637,88.8746,77.0,343,148.09
DIS-2018-2480,Earthquake,2024-01-29 00:00:00,Mumbai,24.947,77.4487,24.9,55,24.04
DIS-2019-2481,Flood,2024-05-01 00:00:00,Chennai,13.9411,89.1781,45.0,55,357.73
DIS-2020-2482,Cyclone,2018-07-05 00:00:00,Guwahati,25.7096,77.4202,25.8,126,172.76
DIS-2021-2483,Tsunami,2018-06-04 00:00:00,Kolkata,19.5125,89.1024,43.9,55,272.24
DIS-2022-2484,Landslide,2023-11-05 00:00:00,Wayanad,18.9549,70.58,37.7,19,66.35
DIS-2023-2485,Earthquake,2024-08-26 00:00:00,Puri,11.707,72.5735,23.6,90,35.58
DIS-2024-2486,Flood,2019-05-10 00:00:00,Patna,22.0905,90.5875,65.7,118,370.14
DIS-2025-2487,Cyclone,2020-03-17 00:00:00,Dehradun,29.9896,68.2615,87.2,410,222.04
DIS-2018-2488,Tsunami,2021-03-25 00:00:00,Shimla,27.653,83.7164,38.3,128,121.98
DIS-2019-2489,Landslide,2021-02-18 00:00:00,Kutch,16.4172,78.3583,76.7,315,459.22
DIS-2020-2490,Earthquake,2020-03-16 00:00:00,Mumbai,8.4915,83.1257,51.2,123,388.1
DIS-2021-2491,Flood,2021-08-26 00:00:00,Chennai,25.4466,68.285,24.7,94,9.95
DIS-2022-2492,Cyclone,2022-02-20 00:00:00,Guwahati,8.65,70.0004,51.3,158,286.72
DIS-2023-2493,Tsunami,2019-08-02 00:00:00,Kolkata,16.9978,78.3305,32.2,58,180.96
DIS-2024-2494,Landslide,2023-01-11 00:00:00,Wayanad,19.3689,80.4244,64.1,246,171.13
DIS-2025-2495,Earthquake,2020-06-12 00:00:00,Puri,18.5716,74.5844,50.2,36,46.74
DIS-2018-2496,Flood,2022-08-04 00:00:00,Patna,24.4105,86.7099,60.8,76,249.82
DIS-2019-2497,Cyclone,2018-01-26 00:00:00,Dehradun,8.9503,89.7145,82.9,259,388.03
DIS-2020-2498,Tsunami,2019-01-04 00:00:00,Shimla,31.9215,74.6719,79.7,133,248.94
DIS-2021-2499,Landslide,2018-01-25 00:00:00,Kutch,19.843,68.3938,21.8,57,124.65
